,all_awardings,allow_live_comments,author,author_flair_css_class,author_flair_richtext,author_flair_text,author_flair_type,author_fullname,author_is_blocked,author_patreon_flair,author_premium,awarders,can_mod_post,contest_mode,created_utc,crosspost_parent,crosspost_parent_list,domain,full_link,gildings,id,is_created_from_ads_ui,is_crosspostable,is_meta,is_original_content,is_reddit_media_domain,is_robot_indexable,is_self,is_video,link_flair_background_color,link_flair_css_class,link_flair_richtext,link_flair_template_id,link_flair_text,link_flair_text_color,link_flair_type,locked,media_only,no_follow,num_comments,num_crossposts,over_18,parent_whitelist_status,permalink,pinned,post_hint,preview,pwls,removed_by_category,retrieved_on,score,selftext,send_replies,spoiler,stickied,subreddit,subreddit_id,subreddit_subscribers,subreddit_type,thumbnail,title,total_awards_received,treatment_tags,upvote_ratio,url,url_overridden_by_dest,whitelist_status,wls,created,author_flair_background_color,author_flair_text_color,thumbnail_height,thumbnail_width
0,[],False,TheContributors,,[],,text,t2_ib5edrax,False,False,False,[],False,False,1653146770,t3_uuob7c,"[{'all_awardings': [], 'allow_live_comments': False, 'approved_at_utc': None, 'approved_by': None, 'archived': False, 'author': 'TheContributors', 'author_flair_background_color': None, 'author_flair_css_class': None, 'author_flair_richtext': [], 'author_flair_template_id': None, 'author_flair_text': None, 'author_flair_text_color': None, 'author_flair_type': 'text', 'author_fullname': 't2_ib5edrax', 'author_is_blocked': False, 'author_patreon_flair': False, 'author_premium': False, 'awarders': [], 'banned_at_utc': None, 'banned_by': None, 'can_gild': True, 'can_mod_post': False, 'category': None, 'clicked': False, 'content_categories': None, 'contest_mode': False, 'created': 1653143445.0, 'created_utc': 1653143445.0, 'discussion_type': None, 'distinguished': None, 'domain': 'self.TheContributors', 'downs': 0, 'edited': False, 'gilded': 0, 'gildings': {}, 'hidden': False, 'hide_score': True, 'id': 'uuob7c', 'is_created_from_ads_ui': False, 'is_crosspostable': True, 'is_meta': False, 'is_original_content': False, 'is_reddit_media_domain': False, 'is_robot_indexable': True, 'is_self': True, 'is_video': False, 'likes': None, 'link_flair_background_color': '', 'link_flair_css_class': None, 'link_flair_richtext': [], 'link_flair_text': None, 'link_flair_text_color': 'dark', 'link_flair_type': 'text', 'locked': False, 'media': None, 'media_embed': {}, 'media_only': False, 'mod_note': None, 'mod_reason_by': None, 'mod_reason_title': None, 'mod_reports': [], 'name': 't3_uuob7c', 'no_follow': True, 'num_comments': 0, 'num_crossposts': 1, 'num_reports': None, 'over_18': False, 'parent_whitelist_status': None, 'permalink': '/r/u_TheContributors/comments/uuob7c/why_did_terrausd_ust_and_terra_luna_crash_from/', 'pinned': False, 'post_hint': 'self', 'preview': {'enabled': False, 'images': [{'id': 'YnZZ93o0gKXaoDC_eOI4j48DbzpvWC0us7YmsSIKuWY', 'resolutions': [{'height': 81, 'url': 'https://external-preview.redd.it/vj7maPSSYfTStG_Xlg1dMI7Hj8YTCd0f2Bq5ksmfDXc.jpg?width=108&amp;crop=smart&amp;auto=webp&amp;s=417f01fecc5ba9926b22b7f881fcb5ec9994d325', 'width': 108}, {'height': 162, 'url': 'https://external-preview.redd.it/vj7maPSSYfTStG_Xlg1dMI7Hj8YTCd0f2Bq5ksmfDXc.jpg?width=216&amp;crop=smart&amp;auto=webp&amp;s=a38ad45c4708b40896420184320336ce804deab8', 'width': 216}, {'height': 240, 'url': 'https://external-preview.redd.it/vj7maPSSYfTStG_Xlg1dMI7Hj8YTCd0f2Bq5ksmfDXc.jpg?width=320&amp;crop=smart&amp;auto=webp&amp;s=4332f56d0953bb8a40db7fb9a0eb2fb9bbb0c292', 'width': 320}], 'source': {'height': 360, 'url': 'https://external-preview.redd.it/vj7maPSSYfTStG_Xlg1dMI7Hj8YTCd0f2Bq5ksmfDXc.jpg?auto=webp&amp;s=328c9c386a54272cce302cae20d22481d8db4d11', 'width': 480}, 'variants': {}}]}, 'pwls': None, 'quarantine': False, 'removal_reason': None, 'removed_by': None, 'removed_by_category': None, 'report_reasons': None, 'saved': False, 'score': 1, 'secure_media': None, 'secure_media_embed': {}, 'selftext': 'Why stable coin TerraUSD (UST) crushed 70% and whether other stable coins are stable or are going to crash as well [https://youtu.be/0kDog8mku2I](https://youtu.be/0kDog8mku2I)\n\n\\#stablecoin #crypto #bitcoin #terrausd #terraluna #blackrock #citadel #ust #terraust #algorithmicstablecoin #cryptocurrencynews #tetherusd #usdt', 'selftext_html': '&lt;!-- SC_OFF --&gt;&lt;div class=""md""&gt;&lt;p&gt;Why stable coin TerraUSD (UST) crushed 70% and whether other stable coins are stable or are going to crash as well &lt;a href=""https://youtu.be/0kDog8mku2I""&gt;https://youtu.be/0kDog8mku2I&lt;/a&gt;&lt;/p&gt;\n\n&lt;p&gt;#stablecoin #crypto #bitcoin #terrausd #terraluna #blackrock #citadel #ust #terraust #algorithmicstablecoin #cryptocurrencynews #tetherusd #usdt&lt;/p&gt;\n&lt;/div&gt;&lt;!-- SC_ON --&gt;', 'send_replies': True, 'spoiler': False, 'stickied': False, 'subreddit': 'u_TheContributors', 'subreddit_id': 't5_5mlykz', 'subreddit_name_prefixed': 'u/TheContributors', 'subreddit_subscribers': 0, 'subreddit_type': 'user', 'suggested_sort': 'qa', 'thumbnail': 'self', 'thumbnail_height': None, 'thumbnail_width': None, 'title': 'Why did TerraUSD (UST) and Terra Luna Crash from $100 to Zero?', 'top_awarded_type': None, 'total_awards_received': 0, 'treatment_tags': [], 'ups': 1, 'upvote_ratio': 1.0, 'url': 'https://www.reddit.com/r/u_TheContributors/comments/uuob7c/why_did_terrausd_ust_and_terra_luna_crash_from/', 'user_reports': [], 'view_count': None, 'visited': False, 'whitelist_status': None, 'wls': None}]",self.TheContributors,https://www.reddit.com/r/CryptoCurrency/comments/uupejb/why_did_terrausd_ust_and_terra_luna_crash_from/,{},uupejb,False,False,False,False,False,False,False,False,#7193ff,STAKING,"[{'e': 'text', 't': 'STAKING'}]",e3cef78c-d01a-11eb-b75b-0eda6f21cfc9,STAKING,dark,richtext,False,False,True,0,0,False,all_ads,/r/CryptoCurrency/comments/uupejb/why_did_terrausd_ust_and_terra_luna_crash_from/,False,link,"{'enabled': False, 'images': [{'id': 'YnZZ93o0gKXaoDC_eOI4j48DbzpvWC0us7YmsSIKuWY', 'resolutions': [{'height': 81, 'url': 'https://external-preview.redd.it/vj7maPSSYfTStG_Xlg1dMI7Hj8YTCd0f2Bq5ksmfDXc.jpg?width=108&amp;crop=smart&amp;auto=webp&amp;s=417f01fecc5ba9926b22b7f881fcb5ec9994d325', 'width': 108}, {'height': 162, 'url': 'https://external-preview.redd.it/vj7maPSSYfTStG_Xlg1dMI7Hj8YTCd0f2Bq5ksmfDXc.jpg?width=216&amp;crop=smart&amp;auto=webp&amp;s=a38ad45c4708b40896420184320336ce804deab8', 'width': 216}, {'height': 240, 'url': 'https://external-preview.redd.it/vj7maPSSYfTStG_Xlg1dMI7Hj8YTCd0f2Bq5ksmfDXc.jpg?width=320&amp;crop=smart&amp;auto=webp&amp;s=4332f56d0953bb8a40db7fb9a0eb2fb9bbb0c292', 'width': 320}], 'source': {'height': 360, 'url': 'https://external-preview.redd.it/vj7maPSSYfTStG_Xlg1dMI7Hj8YTCd0f2Bq5ksmfDXc.jpg?auto=webp&amp;s=328c9c386a54272cce302cae20d22481d8db4d11', 'width': 480}, 'variants': {}}]}",6,automod_filtered,1653146781,1,,True,False,False,CryptoCurrency,t5_2wlj3,4898853,public,default,Why did TerraUSD (UST) and Terra Luna Crash from $100 to Zero?,0,[],1.0,/user/TheContributors/comments/uuob7c/why_did_terrausd_ust_and_terra_luna_crash_from/,/user/TheContributors/comments/uuob7c/why_did_terrausd_ust_and_terra_luna_crash_from/,all_ads,6,1653117970.0,,,,
1,[],False,ipetgoat1984,,"[{'e': 'text', 't': 'Platinum | QC: CC 196'}]",Platinum | QC: CC 196,richtext,t2_dz8todsa,False,False,True,[],False,False,1653130219,,,beincrypto.com,https://www.reddit.com/r/CryptoCurrency/comments/uukn4a/brazilian_crypto_exchange_refunds_terrausd_ust_at/,{},uukn4a,False,True,False,False,False,True,False,False,#007373,EXCHANGES,"[{'e': 'text', 't': 'EXCHANGES'}]",38a8ac5a-9d5c-11e5-a136-0e9f3a832fc3,EXCHANGES,light,richtext,False,False,True,0,0,False,all_ads,/r/CryptoCurrency/comments/uukn4a/brazilian_crypto_exchange_refunds_terrausd_ust_at/,False,link,"{'enabled': False, 'images': [{'id': 'OZROlD5KQHC0N7FDIzhHVcEQoXKUJBTyaLhUIEl3wAc', 'resolutions': [{'height': 60, 'url': 'https://external-preview.redd.it/p6ps496D4ZvVO5QJHF7iHDIQVvMHatmtLreXkUATtEU.jpg?width=108&amp;crop=smart&amp;auto=webp&amp;s=fadf24fa2a6bd0c2153f13a73a613fdbca00f27d', 'width': 108}, {'height': 121, 'url': 'https://external-preview.redd.it/p6ps496D4ZvVO5QJHF7iHDIQVvMHatmtLreXkUATtEU.jpg?width=216&amp;crop=smart&amp;auto=webp&amp;s=c59cffdf6181fe9a68903bd9025cbc5459daaef6', 'width': 216}, {'height': 180, 'url': 'https://external-preview.redd.it/p6ps496D4ZvVO5QJHF7iHDIQVvMHatmtLreXkUATtEU.jpg?width=320&amp;crop=smart&amp;auto=webp&amp;s=1a0ce45c2a7dfdc9e278bbd85f29aa8dceb725b4', 'width': 320}, {'height': 360, 'url': 'https://external-preview.redd.it/p6ps496D4ZvVO5QJHF7iHDIQVvMHatmtLreXkUATtEU.jpg?width=640&amp;crop=smart&amp;auto=webp&amp;s=032da59ea8f19c9f68198bfbaeb2788db64d4328', 'width': 640}, {'height': 540, 'url': 'https://external-preview.redd.it/p6ps496D4ZvVO5QJHF7iHDIQVvMHatmtLreXkUATtEU.jpg?width=960&amp;crop=smart&amp;auto=webp&amp;s=afdaf285803289b227894fdeeb9df80ec22ef586', 'width': 960}, {'height': 607, 'url': 'https://external-preview.redd.it/p6ps496D4ZvVO5QJHF7iHDIQVvMHatmtLreXkUATtEU.jpg?width=1080&amp;crop=smart&amp;auto=webp&amp;s=535563050b31d7754fd7c9e3a32ca02db9663163', 'width': 1080}], 'source': {'height': 720, 'url': 'https://external-preview.redd.it/p6ps496D4ZvVO5QJHF7iHDIQVvMHatmtLreXkUATtEU.jpg?auto=webp&amp;s=9610dedef6fe86359d7ba90383f87fda28769c38', 'width': 1280}, 'variants': {}}]}",6,,1653130229,1,,True,False,False,CryptoCurrency,t5_2wlj3,4897103,public,https://b.thumbs.redditmedia.com/6SfVyw5CdMAVQr5MgQtpVYDlfclh9Muft9USxbjX1do.jpg,"Brazilian Crypto Exchange Refunds TerraUSD (UST) at $1 for Customers, a New Precedent Set?",0,[],1.0,https://beincrypto.com/brazilian-crypto-exchange-refunds-ust-at-1-for-customers/,https://beincrypto.com/brazilian-crypto-exchange-refunds-ust-at-1-for-customers/,all_ads,6,1653101419.0,,dark,78.0,140.0
2,[],False,serunomismo,Pacifier,"[{'e': 'text', 't': 'Redditor for 14 days.'}]",Redditor for 14 days.,richtext,t2_dg3rh9fw,False,False,False,[],False,False,1653104198,,,self.CryptoCurrency,https://www.reddit.com/r/CryptoCurrency/comments/uues9l/after_terrausd_ust_depegging_scare_tether_usdt/,{},uues9l,False,True,False,False,False,True,True,False,#add2e2,ADVICE,"[{'e': 'text', 't': 'ANALYSIS'}]",c1034ee6-9c2a-11e3-a8c4-12313b0e8e20,ANALYSIS,dark,richtext,False,False,False,0,0,False,all_ads,/r/CryptoCurrency/comments/uues9l/after_terrausd_ust_depegging_scare_tether_usdt/,False,self,"{'enabled': False, 'images': [{'id': '__GucK9_oPkEyV8rAXRv8M7D9Kb4dvOlkaIl40cDlco', 'resolutions': [{'height': 108, 'url': 'https://external-preview.redd.it/NPVnVq_NenbVteD6CsyHH7BBQ9kCb7_wbPVEWaVR4nI.jpg?width=108&amp;crop=smart&amp;auto=webp&amp;s=bb83a598412bec97e4ca7fa08efae68760ba7970', 'width': 108}, {'height': 216, 'url': 'https://external-preview.redd.it/NPVnVq_NenbVteD6CsyHH7BBQ9kCb7_wbPVEWaVR4nI.jpg?width=216&amp;crop=smart&amp;auto=webp&amp;s=db1eca19af9bdf18f98fec6ca2e268e8a7f3723f', 'width': 216}], 'source': {'height': 250, 'url': 'https://external-preview.redd.it/NPVnVq_NenbVteD6CsyHH7BBQ9kCb7_wbPVEWaVR4nI.jpg?auto=webp&amp;s=1f92e504664eec7df8d0607bb7aa894080cc1b0f', 'width': 250}, 'variants': {}}]}",6,,1653104208,1," As the most recent [crypto market](https://www.coincarp.com/) crash is putting the spotlight on [stablecoins](https://www.coincarp.com/category/stablecoin/), one of the leading dollar-pegged tokens says its valuation remains secure.

In a new post, Tether Holdings Limited announced that not only is its signature product Tether ([USDT](https://www.coincarp.com/currencies/tether/)) backed by more assets than liabilities, the company is reducing its commercial investments in favor of treasury bills backed by the US government.

According to the report, the MHA Cayman accounting firm conducted an independent audit of Tetherâ€™s holdings as of March 31st of this year. Findings include a reduction in commercial paper holdings by 16.9% compared to the previous quarter, down from $24.2 billion to $20.1 billion.

At the same time, Tether claims to have increased its allocation into money market funds and treasury bills by 13.6%, rising from $34.5 billion to $39.2 billion.",True,False,False,CryptoCurrency,t5_2wlj3,4895770,public,self,"After TerraUSD (UST) De-Pegging Scare, Tether (USDT) Releases Report Claiming It Has Fully Backed Reserves",0,[],1.0,https://www.reddit.com/r/CryptoCurrency/comments/uues9l/after_terrausd_ust_depegging_scare_tether_usdt/,,all_ads,6,1653075398.0,,dark,,
