,all_awardings,allow_live_comments,author,author_flair_background_color,author_flair_css_class,author_flair_richtext,author_flair_text,author_flair_text_color,author_flair_type,author_fullname,author_is_blocked,author_patreon_flair,author_premium,awarders,can_mod_post,contest_mode,created_utc,domain,full_link,gildings,id,is_created_from_ads_ui,is_crosspostable,is_meta,is_original_content,is_reddit_media_domain,is_robot_indexable,is_self,is_video,link_flair_background_color,link_flair_css_class,link_flair_richtext,link_flair_template_id,link_flair_text,link_flair_text_color,link_flair_type,locked,media_only,no_follow,num_comments,num_crossposts,over_18,parent_whitelist_status,permalink,pinned,post_hint,preview,pwls,retrieved_on,score,selftext,send_replies,spoiler,stickied,subreddit,subreddit_id,subreddit_subscribers,subreddit_type,thumbnail,title,total_awards_received,treatment_tags,upvote_ratio,url,whitelist_status,wls,created,suggested_sort,thumbnail_height,thumbnail_width,url_overridden_by_dest
0,[],False,Bpool91,,,"[{'e': 'text', 't': 'Silver | QC: CC 286, ALGO 17 | CRO 61 | ExchSubs 61'}]","Silver | QC: CC 286, ALGO 17 | CRO 61 | ExchSubs 61",dark,richtext,t2_5cv2by07,False,False,False,[],False,False,1652953187,self.CryptoCurrency,https://www.reddit.com/r/CryptoCurrency/comments/uszpfh/billionaire_founder_of_crypto_exchange_binance/,{},uszpfh,False,True,False,False,False,True,True,False,#0aa18f,NEWS,"[{'e': 'text', 't': 'GENERAL-NEWS'}]",f170aab2-246f-11ec-8143-429a193c9848,GENERAL-NEWS,light,richtext,False,False,True,0,0,False,all_ads,/r/CryptoCurrency/comments/uszpfh/billionaire_founder_of_crypto_exchange_binance/,False,self,"{'enabled': False, 'images': [{'id': '7IXs2kmGOi0FAsQMy8gMX5Ez3HRwXG04Pztq29g2JmA', 'resolutions': [{'height': 81, 'url': 'https://external-preview.redd.it/FhrAscbjPbKLyS8mIAluyY5ISL7CahI7Ka9kiOQmrtc.jpg?width=108&amp;crop=smart&amp;auto=webp&amp;s=54b7528e979495d236c4350873421ce3be5a9562', 'width': 108}, {'height': 162, 'url': 'https://external-preview.redd.it/FhrAscbjPbKLyS8mIAluyY5ISL7CahI7Ka9kiOQmrtc.jpg?width=216&amp;crop=smart&amp;auto=webp&amp;s=32e66cd85f9af9c22ecd5757d16203ad1e34ad3e', 'width': 216}, {'height': 240, 'url': 'https://external-preview.redd.it/FhrAscbjPbKLyS8mIAluyY5ISL7CahI7Ka9kiOQmrtc.jpg?width=320&amp;crop=smart&amp;auto=webp&amp;s=049a1b5ea0bed80380e3f296e7b1e9a52b5ff728', 'width': 320}, {'height': 480, 'url': 'https://external-preview.redd.it/FhrAscbjPbKLyS8mIAluyY5ISL7CahI7Ka9kiOQmrtc.jpg?width=640&amp;crop=smart&amp;auto=webp&amp;s=6bd2e38e1178cfa6dc3ae12f9c5c68e610d47291', 'width': 640}, {'height': 720, 'url': 'https://external-preview.redd.it/FhrAscbjPbKLyS8mIAluyY5ISL7CahI7Ka9kiOQmrtc.jpg?width=960&amp;crop=smart&amp;auto=webp&amp;s=807fbd5ea99d6409c08cbd402994806c8f845e7c', 'width': 960}, {'height': 810, 'url': 'https://external-preview.redd.it/FhrAscbjPbKLyS8mIAluyY5ISL7CahI7Ka9kiOQmrtc.jpg?width=1080&amp;crop=smart&amp;auto=webp&amp;s=be07fbd4923581082d02aeb0860b79e97849448d', 'width': 1080}], 'source': {'height': 900, 'url': 'https://external-preview.redd.it/FhrAscbjPbKLyS8mIAluyY5ISL7CahI7Ka9kiOQmrtc.jpg?auto=webp&amp;s=6064865ba94123986bed0471d595208f2c543c0a', 'width': 1200}, 'variants': {}}]}",6,1652953198,1,"Crypto exchange Binance's founder Changpeng Zhao tweeted ""poor again"" after crypto-token luna crashed.

Binance's holdings of the coin were once worth $1.6 billion but are now worth about $2,200.

According to Bloomberg estimates, Zhao is still a billionaire and Binance is the world's largest crypto exchange.

Chanpeng Zhao, the wealthy founder of crypto exchange Binance, joked on Tuesday that he was ""poor again"" after the exchange's investments in the luna cryptocurrency crashed from $1.6 billion just a month ago to about $2,200 this week.

In a tweet on Monday, Zhao said that Binance, the world's largest crypto exchange, held 15 million luna tokens. Binance received these tokens in exchange for its $3 million investment in 2018 into the Terra network that luna is based on. Its luna tokens were ""never moved or sold"" as of Monday, according to Zhao.

Insider has reached out to Zhao for comment.

Binance's luna holdings were worth $1.6 billion in early April when the token hit its peak price. But its recent crash saw that value shrink to about $2,200 this week. The coin is trading at about $0.0001468 as of Thursday.

Luna's value has rapidly plunged in the past two weeks.

Its implosion started when its sister token, TerraUSD, lost its peg to the US dollar two weeks ago. The two tokens' valuations are tied to each other. When TerraUSD's price fell, investors rushed to dump their holdings of that token in a scenario similar to a bank run. TerraUSD's plunge, in turn, dragged down luna's price.

The two tokens' free fall was estimated to have wiped out more than $50 billion in paper value, Insider reported on Sunday.

Zhao on Monday urged the Terra team to reimburse its retail investors first. ""To lead by example on PROTECTING USERS, Binance will let this go and ask the Terra project team to compensate the retail users first, Binance last, if ever,"" he tweeted.

Despite his comments, Zhao, 45, definitely isn't broke. He has a net worth of about $14.8 billion as of Thursday, based on Bloomberg's estimates. The majority of his wealth likely comes from his estimated 70% stake in Binance, according to Forbes.

Binance's market value is estimated to be six times that of its nearest competitor, Coinbase, Forbes reported in March. Binance took in about $14.6 billion in trading fees last year, according to MarketWatch, which quoted a report published by financial-services consultancy Opimas.

[Link to article](https://finance.yahoo.com/news/billionaire-founder-crypto-exchange-binance-053545416.html?guce_referrer=aHR0cHM6Ly93d3cuZ29vZ2xlLmNvbS8&amp;guce_referrer_sig=AQAAALFH3L7c43bliGkj2pzGQ2bnmwZkhZOUw8wOODnWP7rOug-rVdmlNVXr5iOV5LR0hw2eJphkCcJlULvX8xJrZR95Vhf8qxh_w7y0_vKxyOzkAFMWPL3T33lFviMttSiPYrensst7LnyZva_aeyA8GBlu_m7BkH4mLKJaEUQ736LF)",True,False,False,CryptoCurrency,t5_2wlj3,4887620,public,self,"Billionaire founder of crypto exchange Binance says he's 'poor again' after its luna holdings ‚Äî once worth $1.6 billion ‚Äî crashed and are now worth just $2,200",0,[],1.0,https://www.reddit.com/r/CryptoCurrency/comments/uszpfh/billionaire_founder_of_crypto_exchange_binance/,all_ads,6,1652924387.0,,,,
1,[],False,To_be_honest_wit_ya,,Warning-level2-2,"[{'e': 'text', 't': 'Tin | CC critic | SHIB 23 | Politics 18'}]",Tin | CC critic | SHIB 23 | Politics 18,dark,richtext,t2_adjgb127,False,False,False,[],False,False,1652906365,markets.businessinsider.com,https://www.reddit.com/r/CryptoCurrency/comments/usm87x/the_founder_of_collapsed_stablecoin_terrausd/,{},usm87x,False,True,False,False,False,True,False,False,,DISCUSSION,"[{'e': 'text', 't': 'üü¢ DISCUSSION'}]",,üü¢ DISCUSSION,dark,richtext,False,False,True,0,0,False,all_ads,/r/CryptoCurrency/comments/usm87x/the_founder_of_collapsed_stablecoin_terrausd/,False,link,"{'enabled': False, 'images': [{'id': 'umcISDHfGfjaxZ6RxklZo6mM5d0zQwoMU3kWBEeVNXw', 'resolutions': [{'height': 54, 'url': 'https://external-preview.redd.it/0QgdPLOj5MlBWkCXWXKIAE0fBkU3PSU1zrl-4oCAI-s.jpg?width=108&amp;crop=smart&amp;auto=webp&amp;s=cf3f2a90c99ff22ca532bf9afd10c5716af0ffa6', 'width': 108}, {'height': 108, 'url': 'https://external-preview.redd.it/0QgdPLOj5MlBWkCXWXKIAE0fBkU3PSU1zrl-4oCAI-s.jpg?width=216&amp;crop=smart&amp;auto=webp&amp;s=bdb5428c66445202b64179bf93c05d83e1fc0168', 'width': 216}, {'height': 160, 'url': 'https://external-preview.redd.it/0QgdPLOj5MlBWkCXWXKIAE0fBkU3PSU1zrl-4oCAI-s.jpg?width=320&amp;crop=smart&amp;auto=webp&amp;s=188110ea4dc06042865ca3c4aeeb25ab8ce0f239', 'width': 320}, {'height': 320, 'url': 'https://external-preview.redd.it/0QgdPLOj5MlBWkCXWXKIAE0fBkU3PSU1zrl-4oCAI-s.jpg?width=640&amp;crop=smart&amp;auto=webp&amp;s=5c94dac774d36db2c92a2ca6408954a4f3c743f7', 'width': 640}, {'height': 480, 'url': 'https://external-preview.redd.it/0QgdPLOj5MlBWkCXWXKIAE0fBkU3PSU1zrl-4oCAI-s.jpg?width=960&amp;crop=smart&amp;auto=webp&amp;s=18c7b4e4f14feadc4f5bb8e70cd854a0e37aacc1', 'width': 960}, {'height': 540, 'url': 'https://external-preview.redd.it/0QgdPLOj5MlBWkCXWXKIAE0fBkU3PSU1zrl-4oCAI-s.jpg?width=1080&amp;crop=smart&amp;auto=webp&amp;s=d1bcef8147c2b4486975a87a472b7a1a79046bf0', 'width': 1080}], 'source': {'height': 600, 'url': 'https://external-preview.redd.it/0QgdPLOj5MlBWkCXWXKIAE0fBkU3PSU1zrl-4oCAI-s.jpg?auto=webp&amp;s=833d901fdeec48aaad2cb3971aa11f0bfc1b4ba6', 'width': 1200}, 'variants': {}}]}",6,1652906375,1,,True,False,False,CryptoCurrency,t5_2wlj3,4884963,public,https://b.thumbs.redditmedia.com/2z5vaocTkQeJMLnC_9DYYnwjyVOqqTGGen1cW-_7QWM.jpg,The founder of collapsed stablecoin TerraUSD wants to build another blockchain from its network's ashes,0,[],1.0,https://markets.businessinsider.com/news/currencies/crypto-collapse-terra-ust-luna-do-kwon-hard-fork-ecosystem-2022-5,all_ads,6,1652877565.0,new,70.0,140.0,https://markets.businessinsider.com/news/currencies/crypto-collapse-terra-ust-luna-do-kwon-hard-fork-ecosystem-2022-5
2,[],False,Bourneser,,,[],,,text,t2_gi0jkjjz,False,False,False,[],False,False,1652895230,self.CryptoCurrency,https://www.reddit.com/r/CryptoCurrency/comments/usi8pf/terra_luna_and_ust_collapse_stable_coin/,{},usi8pf,False,True,False,False,False,True,True,False,#7193ff,DISCUSSION,"[{'e': 'text', 't': 'DISCUSSION'}]",87049662-0882-11e5-82e1-0e9d1a9f7761,DISCUSSION,dark,richtext,False,False,False,0,0,False,all_ads,/r/CryptoCurrency/comments/usi8pf/terra_luna_and_ust_collapse_stable_coin/,False,self,"{'enabled': False, 'images': [{'id': '3hCBOBwFQqLB8YhJK3Mxn1Pjnb0z6RWniC8MWQbDQHU', 'resolutions': [{'height': 56, 'url': 'https://external-preview.redd.it/AYCd1dOgze8vS7ztri1jjUyz1ucMtRl2bbPeM3YyHdw.jpg?width=108&amp;crop=smart&amp;auto=webp&amp;s=63168b65fe0f36e5a20e610b7278627f1ab07c69', 'width': 108}, {'height': 113, 'url': 'https://external-preview.redd.it/AYCd1dOgze8vS7ztri1jjUyz1ucMtRl2bbPeM3YyHdw.jpg?width=216&amp;crop=smart&amp;auto=webp&amp;s=c87f87cee1b3c571c5db33cb7237848eb757ed14', 'width': 216}, {'height': 167, 'url': 'https://external-preview.redd.it/AYCd1dOgze8vS7ztri1jjUyz1ucMtRl2bbPeM3YyHdw.jpg?width=320&amp;crop=smart&amp;auto=webp&amp;s=fa022b9a0a99f9055cb3dd3c328314667bd909c0', 'width': 320}, {'height': 334, 'url': 'https://external-preview.redd.it/AYCd1dOgze8vS7ztri1jjUyz1ucMtRl2bbPeM3YyHdw.jpg?width=640&amp;crop=smart&amp;auto=webp&amp;s=000b1ac7460116932d7077a31f9b450b42b8a3b7', 'width': 640}, {'height': 502, 'url': 'https://external-preview.redd.it/AYCd1dOgze8vS7ztri1jjUyz1ucMtRl2bbPeM3YyHdw.jpg?width=960&amp;crop=smart&amp;auto=webp&amp;s=2ac66c5a4f117b6ea0d6b1ba806ef2341d3c2276', 'width': 960}, {'height': 565, 'url': 'https://external-preview.redd.it/AYCd1dOgze8vS7ztri1jjUyz1ucMtRl2bbPeM3YyHdw.jpg?width=1080&amp;crop=smart&amp;auto=webp&amp;s=3f5540b75f1fff9f73dc5715fa07cfde5373968f', 'width': 1080}], 'source': {'height': 628, 'url': 'https://external-preview.redd.it/AYCd1dOgze8vS7ztri1jjUyz1ucMtRl2bbPeM3YyHdw.jpg?auto=webp&amp;s=533944a043ba2f4556906f64e2a546e430a6793b', 'width': 1200}, 'variants': {}}]}",6,1652895240,1,"Following the previous collapse of the stable coin, terra luna by 96%, the UST current collapse still sends shockwaves through the crypto market. USDT, USBC, and BUSD seem to be the next stable coins lined up for traders to invest in.

 As cryptocurrencies have also gone through their share of crumbling, what with BTC falling below its usual $40,000 mark but now seems to be recovering, albeit slowly, and is seemingly revolving around a $30,000 point.

According to https://www.coindesk.com/markets/2022/05/17/first-mover-asia-usdc-hasnt-flippened-usdt-but-trader-preferences-are-changing-cryptos-rise-despite-bearishness/ cryptocurrency market continues to recover and solidify bit by bit from the surge and hopefully not temporarily. BTC has been recently trading at a price over $30,500 with ether up by 3%, CRO, ALGO rose over 3%, and SLC over 1% in the past 24 hours.

Furthermore, the current UST, terraUSD, a decentralized algorithmic stable coin that is supposed to help curb volatility in the crypto market was moving at a $1 peg but now plunged as low as 26 cents. Other popular stable coins like USDT, USDC, and BUSD are causing a crisis due to changes in traders' need for a better stable coin. Although USDT remains the most popular stable coin with a supply of around $7.5 billion,  a growing USDC is just behind with $2.6 billion. 

Is there a chance of USDC ‚Äúflippening‚Äù tether, USDT in the future?",True,False,False,CryptoCurrency,t5_2wlj3,4884136,public,self,Terra Luna and UST collapse‚Äì stable coin preferences tilt as other coins come into play with USDC close enough to ‚ÄúFlippen‚Äù popular USDT tether.,0,[],1.0,https://www.reddit.com/r/CryptoCurrency/comments/usi8pf/terra_luna_and_ust_collapse_stable_coin/,all_ads,6,1652866430.0,new,,,
