,all_awardings,allow_live_comments,author,author_flair_css_class,author_flair_richtext,author_flair_text,author_flair_type,author_fullname,author_is_blocked,author_patreon_flair,author_premium,awarders,can_mod_post,contest_mode,created_utc,domain,full_link,gildings,id,is_created_from_ads_ui,is_crosspostable,is_meta,is_original_content,is_reddit_media_domain,is_robot_indexable,is_self,is_video,link_flair_background_color,link_flair_css_class,link_flair_richtext,link_flair_template_id,link_flair_text,link_flair_text_color,link_flair_type,locked,media_only,no_follow,num_comments,num_crossposts,over_18,parent_whitelist_status,permalink,pinned,pwls,removed_by_category,retrieved_on,score,selftext,send_replies,spoiler,stickied,subreddit,subreddit_id,subreddit_subscribers,subreddit_type,thumbnail,title,total_awards_received,treatment_tags,upvote_ratio,url,whitelist_status,wls,created,author_flair_background_color,author_flair_text_color,post_hint,preview,thumbnail_height,thumbnail_width,author_flair_template_id,url_overridden_by_dest
0,[],False,uumairr1,,[],,text,t2_ht4pu,False,False,False,[],False,False,1653823360,self.CryptoCurrency,https://www.reddit.com/r/CryptoCurrency/comments/v094pz/what_about_those_who_were_holding_ust_preattack/,{},v094pz,False,False,False,False,False,False,True,False,#7193ff,DISCUSSION,"[{'e': 'text', 't': 'DISCUSSION'}]",87049662-0882-11e5-82e1-0e9d1a9f7761,DISCUSSION,dark,richtext,False,False,True,1,0,False,all_ads,/r/CryptoCurrency/comments/v094pz/what_about_those_who_were_holding_ust_preattack/,False,6,moderator,1653823370,1,[removed],True,False,False,CryptoCurrency,t5_2wlj3,4932844,public,self,What about those who were holding UST pre-attack?,0,[],1.0,https://www.reddit.com/r/CryptoCurrency/comments/v094pz/what_about_those_who_were_holding_ust_preattack/,all_ads,6,1653794560.0,,,,,,,,
1,[],False,uumairr1,,[],,text,t2_ht4pu,False,False,False,[],False,False,1653821367,self.CryptoCurrency,https://www.reddit.com/r/CryptoCurrency/comments/v08nrm/what_about_those_who_had_ust_only_but_no_luna/,{},v08nrm,False,False,False,False,False,False,True,False,#7193ff,DISCUSSION,"[{'e': 'text', 't': 'DISCUSSION'}]",87049662-0882-11e5-82e1-0e9d1a9f7761,DISCUSSION,dark,richtext,False,False,True,1,0,False,all_ads,/r/CryptoCurrency/comments/v08nrm/what_about_those_who_had_ust_only_but_no_luna/,False,6,moderator,1653821378,1,[removed],True,False,False,CryptoCurrency,t5_2wlj3,4932762,public,self,What about those who had UST only but no LUNA?,0,[],1.0,https://www.reddit.com/r/CryptoCurrency/comments/v08nrm/what_about_those_who_had_ust_only_but_no_luna/,all_ads,6,1653792567.0,,,,,,,,
2,[],False,naji102,,"[{'e': 'text', 't': ' Joined for quick profits now a long term HODLER'}]", Joined for quick profits now a long term HODLER,richtext,t2_17ia5o,False,False,False,[],False,False,1653815070,self.CryptoCurrency,https://www.reddit.com/r/CryptoCurrency/comments/v07a47/a_hacker_who_drained_88_million_from_mirror/,{},v07a47,False,False,False,False,False,False,True,False,#7193ff,DISCUSSION,"[{'e': 'text', 't': 'DISCUSSION'}]",87049662-0882-11e5-82e1-0e9d1a9f7761,DISCUSSION,dark,richtext,False,False,True,0,0,False,all_ads,/r/CryptoCurrency/comments/v07a47/a_hacker_who_drained_88_million_from_mirror/,False,6,automod_filtered,1653815080,1,[removed],True,False,False,CryptoCurrency,t5_2wlj3,4932486,public,https://b.thumbs.redditmedia.com/2BYfm2v7H-SO8_S5UaBdinD8_kTme9xGM5P3nw90HHg.jpg,A Hacker who drained $88 Million from Mirror Protocol by exploiting a bug. Yesterday he got airdrop of 2.1 Million LUNAs just because he sold UST at $0.60 and rebought it at $0.10 which made him eligible for this insane airdrop.,0,[],1.0,https://www.reddit.com/r/CryptoCurrency/comments/v07a47/a_hacker_who_drained_88_million_from_mirror/,all_ads,6,1653786270.0,,dark,self,"{'enabled': False, 'images': [{'id': '4uMljSwfAWPfi01wM-NIUKcNaVg9UO1uFlMr8yEqO7M', 'resolutions': [{'height': 108, 'url': 'https://external-preview.redd.it/6GYdyQja4RphmP5qEtpakPxB2tyCz_IXNhvFPHjME3M.jpg?width=108&amp;crop=smart&amp;auto=webp&amp;s=8d0f4e92643457c926bb54e1258e8f0540aa9247', 'width': 108}], 'source': {'height': 140, 'url': 'https://external-preview.redd.it/6GYdyQja4RphmP5qEtpakPxB2tyCz_IXNhvFPHjME3M.jpg?auto=webp&amp;s=c4f232ef1829cb3295801efbd1f98d0e1617b782', 'width': 140}, 'variants': {}}]}",57.0,140.0,,
3,[],False,Citadel-Citizen,Warning-level2-2,"[{'e': 'text', 't': 'Tin | CC critic'}]",Tin | CC critic,richtext,t2_de3w0a1b,False,False,False,[],False,False,1653813700,self.CryptoCurrency,https://www.reddit.com/r/CryptoCurrency/comments/v06ziw/this_is_no_longer_a_procrypto_sub_this_is_a_copy/,{},v06ziw,False,True,False,False,False,True,True,False,#5a74cc,PERSPECTIVE,"[{'e': 'text', 't': 'PERSPECTIVE'}]",1b44cdb2-2a6c-11ec-9baf-0aa21184cd0a,PERSPECTIVE,light,richtext,False,False,True,0,0,False,all_ads,/r/CryptoCurrency/comments/v06ziw/this_is_no_longer_a_procrypto_sub_this_is_a_copy/,False,6,,1653813711,1,"The amount of toxicity, FUD and pure hatred, up to boycot of certain projects in this subreddit has become insane.

You people are salty the prices are down, you lost money, now you want to burn it all down.

Now you shit talk all stable coins, that is almost like you know how you can kill crypto for good, almost

like it's your agenda. You WANT the next stable coin to lose peg, so you can make your little FUD threads, *look how stablecoin X went from $1.00 to $0.9998 - THIS WILL BE THE NEXT UST* 

Yes. This sub has been overrun by anti-crypto provocateurs, feasting on the fear and accelerating the sell-offs.

Anyone new to crypto, coming here, sees a burning shithole and will take his money and be done with crypto before even starting to put a single Dollar into it.

If this continues, there will be no next bull run. You want to see crypto fail, this is no longer a pro-crypto sub, it's not even a crypto NEUTRAL sub anynore. 

&amp;#x200B;

Instead of seeing the incredible news of accelerating adoption across the board at the top, we see FUD and smear threads with thousands of upvotes, whether they votes are organic or not, no one knows.

&amp;#x200B;

It's a hate sub now and I will avoid this place in the future.",True,False,False,CryptoCurrency,t5_2wlj3,4932440,public,self,"This is no longer a pro-crypto sub, this is a copy of the buttcoin sub and brigaded by the same people",0,[],1.0,https://www.reddit.com/r/CryptoCurrency/comments/v06ziw/this_is_no_longer_a_procrypto_sub_this_is_a_copy/,all_ads,6,1653784900.0,,dark,,,,,,
4,[],False,IcePeten,Warning-level2-2,"[{'e': 'text', 't': 'Tin'}]",Tin,richtext,t2_51qks,False,False,False,[],False,False,1653773240,self.CryptoCurrency,https://www.reddit.com/r/CryptoCurrency/comments/uzwjjg/binanceus_showing_btcust_worth_1m_what_is_going_on/,{},uzwjjg,False,False,False,False,False,False,True,False,#7193ff,DISCUSSION,"[{'e': 'text', 't': 'DISCUSSION'}]",87049662-0882-11e5-82e1-0e9d1a9f7761,DISCUSSION,dark,richtext,False,False,True,1,0,False,all_ads,/r/CryptoCurrency/comments/uzwjjg/binanceus_showing_btcust_worth_1m_what_is_going_on/,False,6,moderator,1653773250,1,[removed],True,False,False,CryptoCurrency,t5_2wlj3,4930954,public,self,Binance.US showing BTC/UST worth 1m? What is going on?,0,[],1.0,https://www.reddit.com/r/CryptoCurrency/comments/uzwjjg/binanceus_showing_btcust_worth_1m_what_is_going_on/,all_ads,6,1653744440.0,,dark,,,,,,
5,[],False,kirtash93,Moon,"[{'e': 'text', 't': ""The Ash Ketchum of Crypto | Gotta Catch 'Em All ""}]",The Ash Ketchum of Crypto | Gotta Catch 'Em All ,richtext,t2_ax5ierpr,False,False,True,[],False,False,1653769727,zycrypto.com,https://www.reddit.com/r/CryptoCurrency/comments/uzvgy8/vitalik_buterin_reveals_how_to_identify_a_ustlike/,{},uzvgy8,False,True,False,False,False,True,False,False,#0aa18f,NEWS,"[{'e': 'text', 't': 'GENERAL-NEWS'}]",f170aab2-246f-11ec-8143-429a193c9848,GENERAL-NEWS,light,richtext,False,False,True,0,0,False,all_ads,/r/CryptoCurrency/comments/uzvgy8/vitalik_buterin_reveals_how_to_identify_a_ustlike/,False,6,,1653769737,1,,True,False,False,CryptoCurrency,t5_2wlj3,4930804,public,https://b.thumbs.redditmedia.com/8clx5_rC5jeO7NWGGYExTxrmOzrn5WGbb2JB6cgC2cY.jpg,Vitalik Buterin Reveals How To Identify A UST-Like Algorithmic Stablecoin Following Terraâ€™s Collapse,0,[],1.0,https://zycrypto.com/vitalik-buterin-reveals-how-to-identify-a-ust-like-algorithmic-stablecoin-following-terras-collapse/,all_ads,6,1653740927.0,,dark,link,"{'enabled': False, 'images': [{'id': '50SSw-MIUhWJPn9oaASIwIP5xiIbhpzUlTYKXd7AZsY', 'resolutions': [{'height': 63, 'url': 'https://external-preview.redd.it/8nAJRjFQUNGCDplPfXoDD_U-fcqhtEHYe-T219mwI4c.jpg?width=108&amp;crop=smart&amp;auto=webp&amp;s=e2481f360b7332a93117f6a1b45b3a9158786283', 'width': 108}, {'height': 126, 'url': 'https://external-preview.redd.it/8nAJRjFQUNGCDplPfXoDD_U-fcqhtEHYe-T219mwI4c.jpg?width=216&amp;crop=smart&amp;auto=webp&amp;s=56a17ddad15cb322b834361aed1baa09b417b809', 'width': 216}, {'height': 186, 'url': 'https://external-preview.redd.it/8nAJRjFQUNGCDplPfXoDD_U-fcqhtEHYe-T219mwI4c.jpg?width=320&amp;crop=smart&amp;auto=webp&amp;s=190e94866dad656a9d92bc3f21b6c8704de027b3', 'width': 320}, {'height': 373, 'url': 'https://external-preview.redd.it/8nAJRjFQUNGCDplPfXoDD_U-fcqhtEHYe-T219mwI4c.jpg?width=640&amp;crop=smart&amp;auto=webp&amp;s=a71a0c22fbe71b89ccb63fae02a0d054312b7d4f', 'width': 640}, {'height': 560, 'url': 'https://external-preview.redd.it/8nAJRjFQUNGCDplPfXoDD_U-fcqhtEHYe-T219mwI4c.jpg?width=960&amp;crop=smart&amp;auto=webp&amp;s=c02c786c4d4f20f44ca783f03be1085ffe5ebd57', 'width': 960}, {'height': 630, 'url': 'https://external-preview.redd.it/8nAJRjFQUNGCDplPfXoDD_U-fcqhtEHYe-T219mwI4c.jpg?width=1080&amp;crop=smart&amp;auto=webp&amp;s=55b2ab65240cdc04164a9056b4b7df39c9a31ad1', 'width': 1080}], 'source': {'height': 700, 'url': 'https://external-preview.redd.it/8nAJRjFQUNGCDplPfXoDD_U-fcqhtEHYe-T219mwI4c.jpg?auto=webp&amp;s=cd228f715960fc620f7df26a36f4717fd6be8397', 'width': 1200}, 'variants': {}}]}",81.0,140.0,829baa62-a8bb-11e7-a23a-0e1f8d7a8cb6,https://zycrypto.com/vitalik-buterin-reveals-how-to-identify-a-ust-like-algorithmic-stablecoin-following-terras-collapse/
