,all_awardings,allow_live_comments,author,author_flair_background_color,author_flair_css_class,author_flair_richtext,author_flair_text,author_flair_text_color,author_flair_type,author_fullname,author_is_blocked,author_patreon_flair,author_premium,awarders,can_mod_post,contest_mode,created_utc,domain,full_link,gildings,id,is_created_from_ads_ui,is_crosspostable,is_meta,is_original_content,is_reddit_media_domain,is_robot_indexable,is_self,is_video,link_flair_background_color,link_flair_css_class,link_flair_richtext,link_flair_template_id,link_flair_text,link_flair_text_color,link_flair_type,locked,media_only,no_follow,num_comments,num_crossposts,over_18,parent_whitelist_status,permalink,pinned,pwls,retrieved_on,score,selftext,send_replies,spoiler,stickied,subreddit,subreddit_id,subreddit_subscribers,subreddit_type,thumbnail,title,total_awards_received,treatment_tags,upvote_ratio,url,whitelist_status,wls,created,post_hint,preview,suggested_sort,thumbnail_height,thumbnail_width,url_overridden_by_dest,media,media_embed,secure_media,secure_media_embed,removed_by_category,media_metadata
0,[],False,Nickanator8,,,"[{'e': 'text', 't': 'Platinum | QC: CC 69, ETH 28, CryptoMining 23 | MiningSubs 51'}]","Platinum | QC: CC 69, ETH 28, CryptoMining 23 | MiningSubs 51",dark,richtext,t2_d3dkp,False,False,False,[],False,False,1651505315,self.CryptoCurrency,https://www.reddit.com/r/CryptoCurrency/comments/ugs6sf/how_cdc_could_have_slashed_rates_without_all_this/,{},ugs6sf,False,True,False,False,False,True,True,False,#7193ff,DISCUSSION,"[{'e': 'text', 't': 'DISCUSSION'}]",87049662-0882-11e5-82e1-0e9d1a9f7761,DISCUSSION,dark,richtext,False,False,False,1,0,False,all_ads,/r/CryptoCurrency/comments/ugs6sf/how_cdc_could_have_slashed_rates_without_all_this/,False,6,1651505325,1,"So we all now know about the situation with CDC fucking it's rates into oblivion and the sudden tanking of the CRO token. I've seen a lot of people saying that the rates were too good to be true, and yes they were amazing, but so was the 20% interest on the Anchor Protocol with UST. Interest rates recently dropped to 15-16% and nobody is crying about that. Do you want to know why?

Expectations.

If CDC had put out a roadmap of how and when they would slash rates it would have kept everyone happy. Sure, some customers would have moved on to other platforms but I bet a lot of people would have stuck around as long as they knew these cuts were coming. As it stands everyone feels blindsided and betrayed. They feel rugpulled by a company that so far had been fairly reliable and seemingly trustworthy.

Because of this lack of a roadmap and rugpull-like cuts of all their features it does seem possible that something nefarious has happened behind the scenes. Perhaps a Ponzi scheme or a misrepresentation of the CRO token. Maybe this was all part of the plan somehow. If the business is still strong and this was all part of the plan somehow I think CDC will likely be fine, but either way I think the CRO token is likely on its way out.",True,False,False,CryptoCurrency,t5_2wlj3,4790864,public,self,How CDC could have slashed rates without all this outrage and fallout.,0,[],1.0,https://www.reddit.com/r/CryptoCurrency/comments/ugs6sf/how_cdc_could_have_slashed_rates_without_all_this/,all_ads,6,1651476515.0,,,,,,,,,,,,
1,[],False,CryptoAddict420,,,"[{'e': 'text', 't': 'Platinum | QC: CC 214'}]",Platinum | QC: CC 214,dark,richtext,t2_bkszrvg3,False,False,False,[],False,False,1651502560,heraldsheets.com,https://www.reddit.com/r/CryptoCurrency/comments/ugr78b/ust_surpasses_busd_to_become_the_thirdlargest/,{},ugr78b,False,True,False,False,False,True,False,False,#00a6a5,METRICS,"[{'e': 'text', 't': 'METRICS'}]",1c0b4b5e-2959-11ec-b004-0aa21184cd0a,METRICS,dark,richtext,False,False,True,1,0,False,all_ads,/r/CryptoCurrency/comments/ugr78b/ust_surpasses_busd_to_become_the_thirdlargest/,False,6,1651502571,1,,True,False,False,CryptoCurrency,t5_2wlj3,4790709,public,https://a.thumbs.redditmedia.com/TfcCt9sZRbHdXw9Xgzg9MU_iIV5GR2-tCgdjCb7xHx4.jpg,UST Surpasses BUSD To Become the Third-Largest Stablecoin,0,[],1.0,https://heraldsheets.com/ust-surpasses-busd-to-become-the-third-largest-stablecoin/,all_ads,6,1651473760.0,link,"{'enabled': False, 'images': [{'id': 'RSOALyJWGuUeGSSIpF6PbiIEF9ymneIYVMhrCF9OBn8', 'resolutions': [{'height': 72, 'url': 'https://external-preview.redd.it/8CCq88oGr53oKAq5Io6KHNjh5pskbS3nrLkNPYCGI6c.jpg?width=108&amp;crop=smart&amp;auto=webp&amp;s=3997b308de8960485f235a558df20bc8887b7a60', 'width': 108}, {'height': 144, 'url': 'https://external-preview.redd.it/8CCq88oGr53oKAq5Io6KHNjh5pskbS3nrLkNPYCGI6c.jpg?width=216&amp;crop=smart&amp;auto=webp&amp;s=770feff1bc0c01d277b6ebff7b5d86c556d9b031', 'width': 216}, {'height': 213, 'url': 'https://external-preview.redd.it/8CCq88oGr53oKAq5Io6KHNjh5pskbS3nrLkNPYCGI6c.jpg?width=320&amp;crop=smart&amp;auto=webp&amp;s=c2f3c77df522e0df5c119cc55fc472fd2c107d0a', 'width': 320}, {'height': 427, 'url': 'https://external-preview.redd.it/8CCq88oGr53oKAq5Io6KHNjh5pskbS3nrLkNPYCGI6c.jpg?width=640&amp;crop=smart&amp;auto=webp&amp;s=2759608e71b47933b2e3ec30029f8a7d990d8f69', 'width': 640}, {'height': 641, 'url': 'https://external-preview.redd.it/8CCq88oGr53oKAq5Io6KHNjh5pskbS3nrLkNPYCGI6c.jpg?width=960&amp;crop=smart&amp;auto=webp&amp;s=e93e1a146005246f63139d6171b05402f730277d', 'width': 960}], 'source': {'height': 668, 'url': 'https://external-preview.redd.it/8CCq88oGr53oKAq5Io6KHNjh5pskbS3nrLkNPYCGI6c.jpg?auto=webp&amp;s=a4451d2545e8e242f2872855b529fffc64ddd97e', 'width': 1000}, 'variants': {}}]}",new,93.0,140.0,https://heraldsheets.com/ust-surpasses-busd-to-become-the-third-largest-stablecoin/,,,,,,
2,[],False,Cytomax,,Warning-level2-2,"[{'e': 'text', 't': 'Tin | Linux 24'}]",Tin | Linux 24,dark,richtext,t2_102nnf,False,False,False,[],False,False,1651497297,self.CryptoCurrency,https://www.reddit.com/r/CryptoCurrency/comments/ugpe3q/what_happens_to_coinstoken_when_the_defi_project/,{},ugpe3q,False,True,False,False,False,True,True,False,#7193ff,STAKING,"[{'e': 'text', 't': 'STAKING'}]",e3cef78c-d01a-11eb-b75b-0eda6f21cfc9,STAKING,dark,richtext,False,False,True,1,0,False,all_ads,/r/CryptoCurrency/comments/ugpe3q/what_happens_to_coinstoken_when_the_defi_project/,False,6,1651497307,1,"Lets say you are staking on 

ANC protocol with UST/ANC in a liquidity pool and it ANC DEFI goes bankrupt... 

i would imagine i lose everything

&amp;#x200B;

BUT

&amp;#x200B;

lets say you are staking on 

Osmosis in the LUNA UST Liquidity pool 

Lets say Osmosis fails would i still be able to get my LUNA/UST back or would i also lose my LUNA/UST?

&amp;#x200B;

I would understand that if you are in a liquidity pool using the DEFI liquidity token i would imagine you lose everything

but if you are using an unrelated token and defi app fails what then?",True,False,False,CryptoCurrency,t5_2wlj3,4790439,public,self,What happens to coins/token when the defi project they are staked on fails,0,[],1.0,https://www.reddit.com/r/CryptoCurrency/comments/ugpe3q/what_happens_to_coinstoken_when_the_defi_project/,all_ads,6,1651468497.0,,,new,,,,,,,,,
3,[],False,hoanglpr,, Investor,"[{'e': 'text', 't': ' Crypto'}]", Crypto,dark,richtext,t2_1zn37s4,False,False,False,[],False,False,1651440151,self.CryptoCurrency,https://www.reddit.com/r/CryptoCurrency/comments/ug9r1o/im_no_longer_bullish_on_centralised_tokens_one/,{},ug9r1o,False,True,False,False,False,True,True,False,#7193ff,DISCUSSION,"[{'e': 'text', 't': 'DISCUSSION'}]",87049662-0882-11e5-82e1-0e9d1a9f7761,DISCUSSION,dark,richtext,False,False,False,1,0,False,all_ads,/r/CryptoCurrency/comments/ug9r1o/im_no_longer_bullish_on_centralised_tokens_one/,False,6,1651440162,1,"This was me who wrote two posts:

**1.**  **Why I don't think Crypto.com coin might end up having a big correction aka sell off**

Link: [https://www.reddit.com/r/CryptoCurrency/comments/r19g4l/why\_i\_dont\_think\_cryptocom\_coin\_might\_end\_up/](https://www.reddit.com/r/CryptoCurrency/comments/r19g4l/why_i_dont_think_cryptocom_coin_might_end_up/)

**2.**  **Why I'm super BULLISH on Harmony ONE**

Link: [https://www.reddit.com/r/CryptoCurrency/comments/putrd8/why\_im\_super\_bullish\_on\_harmony\_one/](https://www.reddit.com/r/CryptoCurrency/comments/putrd8/why_im_super_bullish_on_harmony_one/)

Disclaimer: I used to hold CRO and ONE, but no more because of their approach. Lucky for me, I got out in profit (March 2022), but not at ATH, CRO at 40 cents and ONE at 12 cents. I held through thick and thin: one ATH of CRO at 96 cents (due to locked CRO for a Jade green), twice ATH of ONE because I staked.

I wrote those two posts because I used to believe in their approach. but the more I learn, the more I know I should stay away from any centralised token due to their tokenomics, approach. Two examples that I got first hand experience: CRO and ONE.

The important reason I’m no longer interested in centralised tokens like ONE or CRO is that the founders of those tokens could step in and do whatever the hell they want.

1.  CRO. The real utility of CRO is their cards with staking rewards and cash-back. Now they step in and cut off everything. My best guess is to cover their ass on a lot of spendings like Crypto.com area and sponsorship so they should cut off everything.  For real, there is nothing innovative about Cronos chain, expect it is baked by Crypto.com. 

2.  ONE. This buddy right here is pretty funny. They rather fund ONE to a lot of rubbish projects than a better, useable, and API-compatible explorer. Their explorer is completely a trash. Their vision on DAO is also a bad thing. Another thing that a lot of people that think is a big catalyst for ONE to become a mainstream is BTC bridge, which turns out to be a disaster. In general, in order to mint 1 BTC (1BTC on Harmony), 1 BTC must be locked away in the vault of vault runners on Harmony, then 1.5 BTC worth in ONE must be locked away in the vault. So with this ‘permisonless’ way, 1 BTC and 1.5 BTC worth in ONE must be locked just for 1 1BTC to be minted on Harmony. Considering the market cap of Harmony ONE, there is no way it would be able to compete with WrappedBTC.

Other centralised tokens like LUNA or SOL. You guys better be careful. For instance, the way LUNA founders could step in and say they want to buy a lot of BTC to back their stable coin - UST, of course, by dumping LUNA on the market is a huge red flag. 

My sincere apology if anyone was affected by my posts. Like I wrote, I didn't get out at ATH.",True,False,False,CryptoCurrency,t5_2wlj3,4787780,public,self,"I’m NO longer bullish on centralised tokens: ONE, CRO, etc",0,[],1.0,https://www.reddit.com/r/CryptoCurrency/comments/ug9r1o/im_no_longer_bullish_on_centralised_tokens_one/,all_ads,6,1651411351.0,,,,,,,,,,,,
4,[],False,axe_capital82,,,[],,,text,t2_huxmdcge,False,False,False,[],False,False,1651437878,youtu.be,https://www.reddit.com/r/CryptoCurrency/comments/ug8y9j/terra_luna_ust_biggest_ponzi_scheme_ever/,{},ug8y9j,False,True,False,False,False,True,False,False,#0dd3bb,VIDEOS,"[{'e': 'text', 't': 'VIDEOS'}]",fee6c918-f3e4-11e5-8172-0ecf7e00c6db,VIDEOS,dark,richtext,False,False,False,1,0,False,all_ads,/r/CryptoCurrency/comments/ug8y9j/terra_luna_ust_biggest_ponzi_scheme_ever/,False,6,1651437889,1,,True,False,False,CryptoCurrency,t5_2wlj3,4787651,public,https://b.thumbs.redditmedia.com/WNGa5ufTUR6oBA0in-74sN91nzsqPUZap8T2lXFyhss.jpg,Terra Luna / UST biggest Ponzi Scheme ever?,0,[],1.0,https://youtu.be/4z3ROCrpvKQ,all_ads,6,1651409078.0,rich:video,"{'enabled': False, 'images': [{'id': 'z2j058xmqNsOCWJEaZFcT2rCULH3uW3MTS0fQ9VJ0Xc', 'resolutions': [{'height': 81, 'url': 'https://external-preview.redd.it/x6yul4Ik0fUbEEcmsfu_Cd25f1pocNsVfCTMQz0POH4.jpg?width=108&amp;crop=smart&amp;auto=webp&amp;s=fdeaf301ac0e202289eb511beca558ad23337281', 'width': 108}, {'height': 162, 'url': 'https://external-preview.redd.it/x6yul4Ik0fUbEEcmsfu_Cd25f1pocNsVfCTMQz0POH4.jpg?width=216&amp;crop=smart&amp;auto=webp&amp;s=f81b3fcefae5bc8bf112fff2d63075a068565295', 'width': 216}, {'height': 240, 'url': 'https://external-preview.redd.it/x6yul4Ik0fUbEEcmsfu_Cd25f1pocNsVfCTMQz0POH4.jpg?width=320&amp;crop=smart&amp;auto=webp&amp;s=0b9cc2f6e887feb5a6fe82b99a52356513d4e720', 'width': 320}], 'source': {'height': 360, 'url': 'https://external-preview.redd.it/x6yul4Ik0fUbEEcmsfu_Cd25f1pocNsVfCTMQz0POH4.jpg?auto=webp&amp;s=dae762a7b756e00e82add0084f3c22472b8d97e1', 'width': 480}, 'variants': {}}]}",new,105.0,140.0,https://youtu.be/4z3ROCrpvKQ,"{'oembed': {'author_name': 'Finance with Axel', 'author_url': 'https://www.youtube.com/channel/UC2t0Mv7XRk8bFP8wbKevMRw', 'height': 200, 'html': '&lt;iframe width=""356"" height=""200"" src=""https://www.youtube.com/embed/4z3ROCrpvKQ?feature=oembed&amp;enablejsapi=1"" frameborder=""0"" allow=""accelerometer; autoplay; clipboard-write; encrypted-media; gyroscope; picture-in-picture"" allowfullscreen&gt;&lt;/iframe&gt;', 'provider_name': 'YouTube', 'provider_url': 'https://www.youtube.com/', 'thumbnail_height': 360, 'thumbnail_url': 'https://i.ytimg.com/vi/4z3ROCrpvKQ/hqdefault.jpg', 'thumbnail_width': 480, 'title': 'Terra Luna, UST the biggest Ponzi Scheme ever. Deep Dive, including Proof!', 'type': 'video', 'version': '1.0', 'width': 356}, 'type': 'youtube.com'}","{'content': '&lt;iframe width=""356"" height=""200"" src=""https://www.youtube.com/embed/4z3ROCrpvKQ?feature=oembed&amp;enablejsapi=1"" frameborder=""0"" allow=""accelerometer; autoplay; clipboard-write; encrypted-media; gyroscope; picture-in-picture"" allowfullscreen&gt;&lt;/iframe&gt;', 'height': 200, 'scrolling': False, 'width': 356}","{'oembed': {'author_name': 'Finance with Axel', 'author_url': 'https://www.youtube.com/channel/UC2t0Mv7XRk8bFP8wbKevMRw', 'height': 200, 'html': '&lt;iframe width=""356"" height=""200"" src=""https://www.youtube.com/embed/4z3ROCrpvKQ?feature=oembed&amp;enablejsapi=1"" frameborder=""0"" allow=""accelerometer; autoplay; clipboard-write; encrypted-media; gyroscope; picture-in-picture"" allowfullscreen&gt;&lt;/iframe&gt;', 'provider_name': 'YouTube', 'provider_url': 'https://www.youtube.com/', 'thumbnail_height': 360, 'thumbnail_url': 'https://i.ytimg.com/vi/4z3ROCrpvKQ/hqdefault.jpg', 'thumbnail_width': 480, 'title': 'Terra Luna, UST the biggest Ponzi Scheme ever. Deep Dive, including Proof!', 'type': 'video', 'version': '1.0', 'width': 356}, 'type': 'youtube.com'}","{'content': '&lt;iframe width=""356"" height=""200"" src=""https://www.youtube.com/embed/4z3ROCrpvKQ?feature=oembed&amp;enablejsapi=1"" frameborder=""0"" allow=""accelerometer; autoplay; clipboard-write; encrypted-media; gyroscope; picture-in-picture"" allowfullscreen&gt;&lt;/iframe&gt;', 'height': 200, 'media_domain_url': 'https://www.redditmedia.com/mediaembed/ug8y9j', 'scrolling': False, 'width': 356}",,
5,[],False,[deleted],,,,,dark,,,False,,,[],False,False,1651437819,youtu.be,https://www.reddit.com/r/CryptoCurrency/comments/ug8xi9/terra_luna_ust_biggest_ponzi_scheme_ever/,{},ug8xi9,False,False,False,False,False,False,False,False,#0dd3bb,VIDEOS,"[{'e': 'text', 't': 'VIDEOS'}]",fee6c918-f3e4-11e5-8172-0ecf7e00c6db,VIDEOS,dark,richtext,False,False,True,1,0,False,all_ads,/r/CryptoCurrency/comments/ug8xi9/terra_luna_ust_biggest_ponzi_scheme_ever/,False,6,1651437830,1,[deleted],True,False,False,CryptoCurrency,t5_2wlj3,4787648,public,default,Terra Luna / UST biggest Ponzi Scheme ever?!,0,[],1.0,https://youtu.be/4z3ROCrpvKQ,all_ads,6,1651409019.0,,,,105.0,140.0,https://youtu.be/4z3ROCrpvKQ,"{'oembed': {'author_name': 'Finance with Axel', 'author_url': 'https://www.youtube.com/channel/UC2t0Mv7XRk8bFP8wbKevMRw', 'height': 200, 'html': '&lt;iframe width=""356"" height=""200"" src=""https://www.youtube.com/embed/4z3ROCrpvKQ?feature=oembed&amp;enablejsapi=1"" frameborder=""0"" allow=""accelerometer; autoplay; clipboard-write; encrypted-media; gyroscope; picture-in-picture"" allowfullscreen&gt;&lt;/iframe&gt;', 'provider_name': 'YouTube', 'provider_url': 'https://www.youtube.com/', 'thumbnail_height': 360, 'thumbnail_url': 'https://i.ytimg.com/vi/4z3ROCrpvKQ/hqdefault.jpg', 'thumbnail_width': 480, 'title': 'Terra Luna, UST the biggest Ponzi Scheme ever. Deep Dive, including Proof!', 'type': 'video', 'version': '1.0', 'width': 356}, 'type': 'youtube.com'}","{'content': '&lt;iframe width=""356"" height=""200"" src=""https://www.youtube.com/embed/4z3ROCrpvKQ?feature=oembed&amp;enablejsapi=1"" frameborder=""0"" allow=""accelerometer; autoplay; clipboard-write; encrypted-media; gyroscope; picture-in-picture"" allowfullscreen&gt;&lt;/iframe&gt;', 'height': 200, 'scrolling': False, 'width': 356}","{'oembed': {'author_name': 'Finance with Axel', 'author_url': 'https://www.youtube.com/channel/UC2t0Mv7XRk8bFP8wbKevMRw', 'height': 200, 'html': '&lt;iframe width=""356"" height=""200"" src=""https://www.youtube.com/embed/4z3ROCrpvKQ?feature=oembed&amp;enablejsapi=1"" frameborder=""0"" allow=""accelerometer; autoplay; clipboard-write; encrypted-media; gyroscope; picture-in-picture"" allowfullscreen&gt;&lt;/iframe&gt;', 'provider_name': 'YouTube', 'provider_url': 'https://www.youtube.com/', 'thumbnail_height': 360, 'thumbnail_url': 'https://i.ytimg.com/vi/4z3ROCrpvKQ/hqdefault.jpg', 'thumbnail_width': 480, 'title': 'Terra Luna, UST the biggest Ponzi Scheme ever. Deep Dive, including Proof!', 'type': 'video', 'version': '1.0', 'width': 356}, 'type': 'youtube.com'}","{'content': '&lt;iframe width=""356"" height=""200"" src=""https://www.youtube.com/embed/4z3ROCrpvKQ?feature=oembed&amp;enablejsapi=1"" frameborder=""0"" allow=""accelerometer; autoplay; clipboard-write; encrypted-media; gyroscope; picture-in-picture"" allowfullscreen&gt;&lt;/iframe&gt;', 'height': 200, 'media_domain_url': 'https://www.redditmedia.com/mediaembed/ug8xi9', 'scrolling': False, 'width': 356}",deleted,
6,[],False,TheNextPharaoh,,,"[{'e': 'text', 't': ' Start the day with coffee, end the day with Bitcoin'}]"," Start the day with coffee, end the day with Bitcoin",dark,richtext,t2_cllijdgd,False,False,False,[],False,False,1651423068,self.CryptoCurrency,https://www.reddit.com/r/CryptoCurrency/comments/ug3qpe/anchor_protocol_still_gives_195_apy_on_ust_why/,{},ug3qpe,False,True,False,False,False,True,True,False,#7193ff,DISCUSSION,"[{'e': 'text', 't': 'DISCUSSION'}]",87049662-0882-11e5-82e1-0e9d1a9f7761,DISCUSSION,dark,richtext,False,False,False,1,0,False,all_ads,/r/CryptoCurrency/comments/ug3qpe/anchor_protocol_still_gives_195_apy_on_ust_why/,False,6,1651423078,1,"Hello ,

Today is 1 May, and I expected the APY to be down to 18% ( it should go lower 1.5% per month as the last governance said ) 

But today when I check anchor protocol website, it still gives \~19.5% APY 

I am not complaining ( who would complain if he gots high APY , but just trying to understand ) , also the more time it gives high APY the faster it will eat the Yield reverse

  


&amp;#x200B;

[19.5&amp;#37; APY on anchor protocol on 1 May](https://preview.redd.it/31nd78l76ww81.jpg?width=2388&amp;format=pjpg&amp;auto=webp&amp;s=2c15929aa05c535da6e17d375d80b8c86e18e599)

&amp;#x200B;

Do you guys know what’s the reason for that ? And if/when will it go lower ?",True,False,False,CryptoCurrency,t5_2wlj3,4786856,public,https://b.thumbs.redditmedia.com/LxMifVz3xQ9E4BIS3aIKDFOxMBT5blI3qemCEww5Q1g.jpg,"Anchor protocol still gives 19.5% APY on UST , Why ?",0,[],1.0,https://www.reddit.com/r/CryptoCurrency/comments/ug3qpe/anchor_protocol_still_gives_195_apy_on_ust_why/,all_ads,6,1651394268.0,,,,97.0,140.0,,,,,,,"{'31nd78l76ww81': {'e': 'Image', 'id': '31nd78l76ww81', 'm': 'image/jpg', 'p': [{'u': 'https://preview.redd.it/31nd78l76ww81.jpg?width=108&amp;crop=smart&amp;auto=webp&amp;s=04da43b54410dcbcbc4f54d55b1d55aeda519e7f', 'x': 108, 'y': 75}, {'u': 'https://preview.redd.it/31nd78l76ww81.jpg?width=216&amp;crop=smart&amp;auto=webp&amp;s=07f6d25a818bf429ee18a9ecb66f24edb0b12d25', 'x': 216, 'y': 150}, {'u': 'https://preview.redd.it/31nd78l76ww81.jpg?width=320&amp;crop=smart&amp;auto=webp&amp;s=35b0bd50a23f8de5aab6295abd193d7f06150bda', 'x': 320, 'y': 223}, {'u': 'https://preview.redd.it/31nd78l76ww81.jpg?width=640&amp;crop=smart&amp;auto=webp&amp;s=ccf8974093821988b8045aa2f025f714e89a3c7c', 'x': 640, 'y': 447}, {'u': 'https://preview.redd.it/31nd78l76ww81.jpg?width=960&amp;crop=smart&amp;auto=webp&amp;s=8be83c7cf37c7618b56b73a9ad0b031593a7affc', 'x': 960, 'y': 670}, {'u': 'https://preview.redd.it/31nd78l76ww81.jpg?width=1080&amp;crop=smart&amp;auto=webp&amp;s=ef640e051b80347966ec14297c1afc52760dff8f', 'x': 1080, 'y': 754}], 's': {'u': 'https://preview.redd.it/31nd78l76ww81.jpg?width=2388&amp;format=pjpg&amp;auto=webp&amp;s=2c15929aa05c535da6e17d375d80b8c86e18e599', 'x': 2388, 'y': 1668}, 'status': 'valid'}}"
