,all_awardings,allow_live_comments,author,author_flair_css_class,author_flair_richtext,author_flair_text,author_flair_type,author_fullname,author_is_blocked,author_patreon_flair,author_premium,awarders,can_mod_post,contest_mode,created_utc,domain,full_link,gildings,id,is_created_from_ads_ui,is_crosspostable,is_meta,is_original_content,is_reddit_media_domain,is_robot_indexable,is_self,is_video,link_flair_background_color,link_flair_css_class,link_flair_richtext,link_flair_template_id,link_flair_text,link_flair_text_color,link_flair_type,locked,media,media_embed,media_only,no_follow,num_comments,num_crossposts,over_18,parent_whitelist_status,permalink,pinned,post_hint,preview,pwls,removed_by_category,retrieved_on,score,secure_media,secure_media_embed,selftext,send_replies,spoiler,stickied,subreddit,subreddit_id,subreddit_subscribers,subreddit_type,suggested_sort,thumbnail,thumbnail_height,thumbnail_width,title,total_awards_received,treatment_tags,upvote_ratio,url,url_overridden_by_dest,whitelist_status,wls,created,author_flair_background_color,author_flair_text_color,crosspost_parent,crosspost_parent_list
0,[],False,Giorcheslov,,[],,text,t2_14swas,False,False,False,[],False,False,1651589628,twitter.com,https://www.reddit.com/r/CryptoCurrency/comments/uhhvks/terra_partnering_with_flux_aiming_for_a_more/,{},uhhvks,False,False,False,False,False,False,False,False,#0aa18f,NEWS,"[{'e': 'text', 't': 'GENERAL-NEWS'}]",f170aab2-246f-11ec-8143-429a193c9848,GENERAL-NEWS,light,richtext,False,"{'oembed': {'author_name': 'Web3-Decentralized Computing', 'author_url': 'https://twitter.com/RunOnFlux', 'cache_age': 3153600000, 'height': None, 'html': '&lt;blockquote class=""twitter-video""&gt;&lt;p lang=""en"" dir=""ltr""&gt;It&amp;#39;s with great pride we announce a collaboration with the &lt;a href=""https://twitter.com/terra_money?ref_src=twsrc%5Etfw""&gt;@terra_money&lt;/a&gt;  ecosystem. &lt;a href=""https://twitter.com/hashtag/Flux?src=hash&amp;amp;ref_src=twsrc%5Etfw""&gt;#Flux&lt;/a&gt;&amp;#39;s commitment to true &lt;a href=""https://twitter.com/hashtag/Web3?src=hash&amp;amp;ref_src=twsrc%5Etfw""&gt;#Web3&lt;/a&gt;, and &lt;a href=""https://twitter.com/hashtag/decentralization?src=hash&amp;amp;ref_src=twsrc%5Etfw""&gt;#decentralization&lt;/a&gt; has aligned us well. This is the beginning of an awesome journey! Learn more about our collaboration: &lt;a href=""https://t.co/ZjHxLJB2g8""&gt;https://t.co/ZjHxLJB2g8&lt;/a&gt; &lt;a href=""https://twitter.com/search?q=%24Flux&amp;amp;src=ctag&amp;amp;ref_src=twsrc%5Etfw""&gt;$Flux&lt;/a&gt; &lt;a href=""https://twitter.com/hashtag/Terra?src=hash&amp;amp;ref_src=twsrc%5Etfw""&gt;#Terra&lt;/a&gt;&lt;/p&gt;&amp;mdash; Web3-Decentralized Computing (@RunOnFlux) &lt;a href=""https://twitter.com/RunOnFlux/status/1520915726604845059?ref_src=twsrc%5Etfw""&gt;May 1, 2022&lt;/a&gt;&lt;/blockquote&gt;\n&lt;script async src=""https://platform.twitter.com/widgets.js"" charset=""utf-8""&gt;&lt;/script&gt;\n', 'provider_name': 'Twitter', 'provider_url': 'https://twitter.com', 'type': 'rich', 'url': 'https://twitter.com/RunOnFlux/status/1520915726604845059', 'version': '1.0', 'width': 350}, 'type': 'twitter.com'}","{'content': '&lt;blockquote class=""twitter-video""&gt;&lt;p lang=""en"" dir=""ltr""&gt;It&amp;#39;s with great pride we announce a collaboration with the &lt;a href=""https://twitter.com/terra_money?ref_src=twsrc%5Etfw""&gt;@terra_money&lt;/a&gt;  ecosystem. &lt;a href=""https://twitter.com/hashtag/Flux?src=hash&amp;amp;ref_src=twsrc%5Etfw""&gt;#Flux&lt;/a&gt;&amp;#39;s commitment to true &lt;a href=""https://twitter.com/hashtag/Web3?src=hash&amp;amp;ref_src=twsrc%5Etfw""&gt;#Web3&lt;/a&gt;, and &lt;a href=""https://twitter.com/hashtag/decentralization?src=hash&amp;amp;ref_src=twsrc%5Etfw""&gt;#decentralization&lt;/a&gt; has aligned us well. This is the beginning of an awesome journey! Learn more about our collaboration: &lt;a href=""https://t.co/ZjHxLJB2g8""&gt;https://t.co/ZjHxLJB2g8&lt;/a&gt; &lt;a href=""https://twitter.com/search?q=%24Flux&amp;amp;src=ctag&amp;amp;ref_src=twsrc%5Etfw""&gt;$Flux&lt;/a&gt; &lt;a href=""https://twitter.com/hashtag/Terra?src=hash&amp;amp;ref_src=twsrc%5Etfw""&gt;#Terra&lt;/a&gt;&lt;/p&gt;&amp;mdash; Web3-Decentralized Computing (@RunOnFlux) &lt;a href=""https://twitter.com/RunOnFlux/status/1520915726604845059?ref_src=twsrc%5Etfw""&gt;May 1, 2022&lt;/a&gt;&lt;/blockquote&gt;\n&lt;script async src=""https://platform.twitter.com/widgets.js"" charset=""utf-8""&gt;&lt;/script&gt;\n', 'height': 200, 'scrolling': False, 'width': 350}",False,True,0,0,False,all_ads,/r/CryptoCurrency/comments/uhhvks/terra_partnering_with_flux_aiming_for_a_more/,False,link,"{'enabled': False, 'images': [{'id': 'IDZJxCVHrIMrI8lA_jtLPxpFZD-Cfvug6n6TzoLtKkY', 'resolutions': [{'height': 56, 'url': 'https://external-preview.redd.it/oeEPT67vLyywu_mEc0Ee944nDie7AFi2M_IWAyudk9g.jpg?width=108&amp;crop=smart&amp;auto=webp&amp;s=600b5e2993feccd3a9ff346ccb00fd5d1fa7bb67', 'width': 108}], 'source': {'height': 73, 'url': 'https://external-preview.redd.it/oeEPT67vLyywu_mEc0Ee944nDie7AFi2M_IWAyudk9g.jpg?auto=webp&amp;s=a4b4231b682b4e853682c40c6b0457f7e8294a5d', 'width': 140}, 'variants': {}}]}",6,automod_filtered,1651589639,1,"{'oembed': {'author_name': 'Web3-Decentralized Computing', 'author_url': 'https://twitter.com/RunOnFlux', 'cache_age': 3153600000, 'height': None, 'html': '&lt;blockquote class=""twitter-video""&gt;&lt;p lang=""en"" dir=""ltr""&gt;It&amp;#39;s with great pride we announce a collaboration with the &lt;a href=""https://twitter.com/terra_money?ref_src=twsrc%5Etfw""&gt;@terra_money&lt;/a&gt;  ecosystem. &lt;a href=""https://twitter.com/hashtag/Flux?src=hash&amp;amp;ref_src=twsrc%5Etfw""&gt;#Flux&lt;/a&gt;&amp;#39;s commitment to true &lt;a href=""https://twitter.com/hashtag/Web3?src=hash&amp;amp;ref_src=twsrc%5Etfw""&gt;#Web3&lt;/a&gt;, and &lt;a href=""https://twitter.com/hashtag/decentralization?src=hash&amp;amp;ref_src=twsrc%5Etfw""&gt;#decentralization&lt;/a&gt; has aligned us well. This is the beginning of an awesome journey! Learn more about our collaboration: &lt;a href=""https://t.co/ZjHxLJB2g8""&gt;https://t.co/ZjHxLJB2g8&lt;/a&gt; &lt;a href=""https://twitter.com/search?q=%24Flux&amp;amp;src=ctag&amp;amp;ref_src=twsrc%5Etfw""&gt;$Flux&lt;/a&gt; &lt;a href=""https://twitter.com/hashtag/Terra?src=hash&amp;amp;ref_src=twsrc%5Etfw""&gt;#Terra&lt;/a&gt;&lt;/p&gt;&amp;mdash; Web3-Decentralized Computing (@RunOnFlux) &lt;a href=""https://twitter.com/RunOnFlux/status/1520915726604845059?ref_src=twsrc%5Etfw""&gt;May 1, 2022&lt;/a&gt;&lt;/blockquote&gt;\n&lt;script async src=""https://platform.twitter.com/widgets.js"" charset=""utf-8""&gt;&lt;/script&gt;\n', 'provider_name': 'Twitter', 'provider_url': 'https://twitter.com', 'type': 'rich', 'url': 'https://twitter.com/RunOnFlux/status/1520915726604845059', 'version': '1.0', 'width': 350}, 'type': 'twitter.com'}","{'content': '&lt;blockquote class=""twitter-video""&gt;&lt;p lang=""en"" dir=""ltr""&gt;It&amp;#39;s with great pride we announce a collaboration with the &lt;a href=""https://twitter.com/terra_money?ref_src=twsrc%5Etfw""&gt;@terra_money&lt;/a&gt;  ecosystem. &lt;a href=""https://twitter.com/hashtag/Flux?src=hash&amp;amp;ref_src=twsrc%5Etfw""&gt;#Flux&lt;/a&gt;&amp;#39;s commitment to true &lt;a href=""https://twitter.com/hashtag/Web3?src=hash&amp;amp;ref_src=twsrc%5Etfw""&gt;#Web3&lt;/a&gt;, and &lt;a href=""https://twitter.com/hashtag/decentralization?src=hash&amp;amp;ref_src=twsrc%5Etfw""&gt;#decentralization&lt;/a&gt; has aligned us well. This is the beginning of an awesome journey! Learn more about our collaboration: &lt;a href=""https://t.co/ZjHxLJB2g8""&gt;https://t.co/ZjHxLJB2g8&lt;/a&gt; &lt;a href=""https://twitter.com/search?q=%24Flux&amp;amp;src=ctag&amp;amp;ref_src=twsrc%5Etfw""&gt;$Flux&lt;/a&gt; &lt;a href=""https://twitter.com/hashtag/Terra?src=hash&amp;amp;ref_src=twsrc%5Etfw""&gt;#Terra&lt;/a&gt;&lt;/p&gt;&amp;mdash; Web3-Decentralized Computing (@RunOnFlux) &lt;a href=""https://twitter.com/RunOnFlux/status/1520915726604845059?ref_src=twsrc%5Etfw""&gt;May 1, 2022&lt;/a&gt;&lt;/blockquote&gt;\n&lt;script async src=""https://platform.twitter.com/widgets.js"" charset=""utf-8""&gt;&lt;/script&gt;\n', 'height': 200, 'media_domain_url': 'https://www.redditmedia.com/mediaembed/uhhvks', 'scrolling': False, 'width': 350}",,True,False,False,CryptoCurrency,t5_2wlj3,4794882,public,new,https://b.thumbs.redditmedia.com/qwi5Ag6JHIASmChxVpOvQvugAvrqAXpI7r9v4m4xYIk.jpg,73.0,140.0,Terra partnering with Flux aiming for a more decentralized platform,0,[],1.0,https://twitter.com/RunOnFlux/status/1520915726604845059?t=gpVurcxIPs2pokCQKX-iPQ&amp;s=19,https://twitter.com/RunOnFlux/status/1520915726604845059?t=gpVurcxIPs2pokCQKX-iPQ&amp;s=19,all_ads,6,1651560828.0,,,,
1,[],False,Giorcheslov,,[],,text,t2_14swas,False,False,False,[],False,False,1651589438,self.CryptoCurrency,https://www.reddit.com/r/CryptoCurrency/comments/uhhtae/terra_partnering_with_flux_to_build_a_more/,{},uhhtae,False,False,False,False,False,False,True,False,#0aa18f,NEWS,"[{'e': 'text', 't': 'GENERAL-NEWS'}]",f170aab2-246f-11ec-8143-429a193c9848,GENERAL-NEWS,light,richtext,False,,,False,True,1,0,False,all_ads,/r/CryptoCurrency/comments/uhhtae/terra_partnering_with_flux_to_build_a_more/,False,,,6,moderator,1651589448,1,,,[removed],True,False,False,CryptoCurrency,t5_2wlj3,4794861,public,,self,,,Terra partnering with Flux to build a more decentralized platform,0,[],1.0,https://www.reddit.com/r/CryptoCurrency/comments/uhhtae/terra_partnering_with_flux_to_build_a_more/,,all_ads,6,1651560638.0,,,,
2,[],False,Mando_dablord,Warning-level2-2,"[{'e': 'text', 't': 'Tin'}]",Tin,richtext,t2_48mtdy1c,False,False,False,[],False,False,1651550808,self.CryptoCurrency,https://www.reddit.com/r/CryptoCurrency/comments/uh7rrt/with_cdc_shitting_itself_ive_been_looking_into/,{},uh7rrt,False,True,False,False,False,True,True,False,#add2e2,ADVICE,"[{'e': 'text', 't': 'ANALYSIS'}]",c1034ee6-9c2a-11e3-a8c4-12313b0e8e20,ANALYSIS,dark,richtext,False,,,False,True,1,0,False,all_ads,/r/CryptoCurrency/comments/uh7rrt/with_cdc_shitting_itself_ive_been_looking_into/,False,self,"{'enabled': False, 'images': [{'id': '4TeDHChyanx6g3f9PPKoiBSmGfwGFlzX04eAplLThgk', 'resolutions': [{'height': 56, 'url': 'https://external-preview.redd.it/6gjx-lRKhx1Kw74W2NzZM23YKwRi8jbfDtF13NroJus.jpg?width=108&amp;crop=smart&amp;auto=webp&amp;s=e5212a4a60c9069e0121f244fa7a1d2e3baa4fdb', 'width': 108}, {'height': 113, 'url': 'https://external-preview.redd.it/6gjx-lRKhx1Kw74W2NzZM23YKwRi8jbfDtF13NroJus.jpg?width=216&amp;crop=smart&amp;auto=webp&amp;s=a010b865fb72a6e019d136f21b043722b0633062', 'width': 216}, {'height': 167, 'url': 'https://external-preview.redd.it/6gjx-lRKhx1Kw74W2NzZM23YKwRi8jbfDtF13NroJus.jpg?width=320&amp;crop=smart&amp;auto=webp&amp;s=4e4aa9bf0f332d0a21dcf14bc7b4f8dd4818c175', 'width': 320}, {'height': 335, 'url': 'https://external-preview.redd.it/6gjx-lRKhx1Kw74W2NzZM23YKwRi8jbfDtF13NroJus.jpg?width=640&amp;crop=smart&amp;auto=webp&amp;s=b3822c081108c080e449f67627f69a85d7bb7a0a', 'width': 640}, {'height': 502, 'url': 'https://external-preview.redd.it/6gjx-lRKhx1Kw74W2NzZM23YKwRi8jbfDtF13NroJus.jpg?width=960&amp;crop=smart&amp;auto=webp&amp;s=d3d81fa45482f88a01cc48cd61ec2848d66a07d7', 'width': 960}, {'height': 565, 'url': 'https://external-preview.redd.it/6gjx-lRKhx1Kw74W2NzZM23YKwRi8jbfDtF13NroJus.jpg?width=1080&amp;crop=smart&amp;auto=webp&amp;s=2b6967bbccef795dd78b4be0967d471b8dbc1079', 'width': 1080}], 'source': {'height': 2618, 'url': 'https://external-preview.redd.it/6gjx-lRKhx1Kw74W2NzZM23YKwRi8jbfDtF13NroJus.jpg?auto=webp&amp;s=31038a7475425d7a89afe70c2d618619666233e6', 'width': 5001}, 'variants': {}}]}",6,,1651550818,1,,,"It's been pretty obvious that Crypto.com has been having some problems, with a previously bright future looking not so much so. So I've been considering the possible alternatives that are available to me in the U.S. So unfortunately no Plutus... üòï

The things I considered are cashback and rewards on cards, then if the service has a way to earn interest. A few possibilities I found are Blockfi, Gemini, Venmo, Nexo, and Sofi. Unfortunately with Blockfi right now is that their previous interest program was discontinued here in the U.S, but this link says that there might be an alternative for here in the U.S.
https://blockfi.com/regulatory-developments/

Another thing I figured I'd do is list the basic information for each platform and the services they provide.

I also understand that Coinbase is another alternative. But due to their shady practices similar to Crypto now I'd prefer to avoid them just to be safe. If you're interested in them you can independently research them or find another comment list.

Blockfi Card: Credit Card.

3.5% back for the first 3 months, 1.5% back normally otherwise. 2% when over $50,000 is spent and resets on card issuance anniversary.

Cashback in BTC, ETH, LTC, or USDC.

Paid monthly

No fees.

Blockfi Interest: (Currently not applicable in the U.S.)

USDC- 7% APY (Highest, tier 1 $20,000)

USDC- 4% APT (Highest, tier 3 at $2,000,000)

ALGO- 2.5% APY (No Limit)

ETH- 3% APY (Tier 1 at 1.5 ETH)

ETH- 0.25 APY (Tier 3 at 5 ETH)

BTC- 3% APY (Lowest, Tier 1 at 0.01 BTC)

BTC- 0.1% APY (Lowest, Tier 3 at 0.35 BTC)

Gemini Card: Credit card.

3% back on dining, 2% on groceries up to $6,000 annually, 1% normally elsewhere.

Over 60 crypto coins available as cashback.

No fees.

Good advertised safety and theft protection.

Metal card.

Other offers like from Lyft, Doordash, Hellofresh, and Shoprunner.

Gemini Interest: Curve-8.05% APY (Highest)

Gemini Dollar-6.9% APY (Nice)

Polygon/MATIC-5.43 APY

Terra/LUNA-4.29 APY

Etherium-1.26% APY

Amp-0.5% APY (Lowest)

Venmo Card(s): Debit Card.

$400 USD daily withdrawal limits apply. Transactions at non-MoneyPass ATMs have a $2.50 ATM Domestic Withdrawal fee. No fee for MoneyPass ATM Withdrawals in the U.S.

Credit Card.

Customizable tiers to choose on spending, 3% on top category, 2% on next category, 1% elsewhere.

No fees.

Strong functionality between digital and physical cards.

Venmo Interest: Not applicable.

Nexo card: Credit card.

Available credit is determined by the value of coins that you're hodling.

2% back on NEXO coin.

0.5% back on BTC.

No fees.

Nexo Interest: Not applicable.

Sofi Card: Credit Card.

2% ""Cash"" back. Points are given on purchases which can then be redeemed for coins.

Rewards from Lyft, Shoprunner, Doordash, etc.

No fees.

Gradually lowering APR on 12 months of successful payment.

Sofi Interest: Not applicable.

(Although they have the advantage of acting as a full online bank with services such as investment planning, loans, insurance, credit and savings accounts as well as other economic advising and planning.)

While this may not be the prettiest or comprehensive list and I definitely missed info, which you admittedly should be researching yourself first anyways. This hopefully provides a platform to finding other crypto services that suites them. Admittedly the only true competition Crypto has here in the U.S is Coinbase and Gemini, which Blockfi is unfortunately unavailable for staking coins for interest. 

But otherwise it also shows that it isn't the end of the world for Crypto despite how much it may seem like they've shorthanded us. They've merely fallen from the palace in the sky to all the other mortals fighting for competition. Especially since stability of their platform and service with what they're providing is ultimately what's important to me since you can run an investment on something that is unsustainable and can't maintain themselves until they eventually collapse. Which I continue to hope that Crypto recovers some ground they've lost, but it otherwise serves as a wake up call to remind everyone to consider the competition.",True,False,False,CryptoCurrency,t5_2wlj3,4793183,public,new,self,,,With CDC shitting itself I've been looking into alternatives,0,[],1.0,https://www.reddit.com/r/CryptoCurrency/comments/uh7rrt/with_cdc_shitting_itself_ive_been_looking_into/,,all_ads,6,1651522008.0,,dark,,
3,[],False,ChaoticNeutralNephew,Warning-level1-1,"[{'e': 'text', 't': 'Bronze'}]",Bronze,richtext,t2_dx37l7t8,False,False,False,[],False,False,1651516077,self.terraluna,https://www.reddit.com/r/CryptoCurrency/comments/ugw7w1/terra_luna_weekly_update/,{},ugw7w1,False,True,False,False,False,True,False,False,#edd400,EDUCATIONAL,"[{'e': 'text', 't': 'EDUCATIONAL'}]",fcc301e2-a5e0-11ec-82c9-06b6a4903a7e,EDUCATIONAL,dark,richtext,False,,,False,True,2,0,False,all_ads,/r/CryptoCurrency/comments/ugw7w1/terra_luna_weekly_update/,False,link,"{'enabled': False, 'images': [{'id': 'DOD4iGWzy4ICfkPoAnzzIKD-bIvCWDSITQgXUOmo8H8', 'resolutions': [{'height': 56, 'url': 'https://external-preview.redd.it/5Cxp4jQLrmorGBX6zkMqqu23Ybtj_dzSuTIKwjGTTM4.jpg?width=108&amp;crop=smart&amp;auto=webp&amp;s=177fe3a381a0d684bcfdbb50a6f3ef631f6aaea6', 'width': 108}], 'source': {'height': 73, 'url': 'https://external-preview.redd.it/5Cxp4jQLrmorGBX6zkMqqu23Ybtj_dzSuTIKwjGTTM4.jpg?auto=webp&amp;s=1ab14ffddd3f6929e4e6fb4d50c325f54494d92e', 'width': 140}, 'variants': {}}]}",6,,1651516087,1,,,,False,False,False,CryptoCurrency,t5_2wlj3,4791515,public,new,https://b.thumbs.redditmedia.com/PfLq_3OP3HILNrQJ4QKa-oOH86VuXCbfzZvD9Lsg7Ic.jpg,78.0,140.0,Terra Luna weekly update,0,[],1.0,/r/terraluna/comments/ugvn32/terra_luna_weekly_update_17_april_2022_by/,/r/terraluna/comments/ugvn32/terra_luna_weekly_update_17_april_2022_by/,all_ads,6,1651487277.0,,dark,t3_ugvn32,"[{'all_awardings': [], 'allow_live_comments': False, 'approved_at_utc': None, 'approved_by': None, 'archived': False, 'author': 'helen_everstake', 'author_flair_background_color': None, 'author_flair_css_class': None, 'author_flair_richtext': [], 'author_flair_template_id': None, 'author_flair_text': None, 'author_flair_text_color': None, 'author_flair_type': 'text', 'author_fullname': 't2_ksbz4l64', 'author_is_blocked': False, 'author_patreon_flair': False, 'author_premium': False, 'awarders': [], 'banned_at_utc': None, 'banned_by': None, 'can_gild': True, 'can_mod_post': False, 'category': None, 'clicked': False, 'content_categories': None, 'contest_mode': False, 'created': 1651514531.0, 'created_utc': 1651514531.0, 'discussion_type': None, 'distinguished': None, 'domain': 'self.terraluna', 'downs': 0, 'edited': False, 'gilded': 0, 'gildings': {}, 'hidden': False, 'hide_score': True, 'id': 'ugvn32', 'is_created_from_ads_ui': False, 'is_crosspostable': True, 'is_meta': False, 'is_original_content': False, 'is_reddit_media_domain': False, 'is_robot_indexable': True, 'is_self': True, 'is_video': False, 'likes': None, 'link_flair_background_color': '#0079d3', 'link_flair_css_class': '', 'link_flair_richtext': [], 'link_flair_template_id': '03824094-abf3-11eb-b835-0e8771f36147', 'link_flair_text': 'Updates', 'link_flair_text_color': 'light', 'link_flair_type': 'text', 'locked': False, 'media': None, 'media_embed': {}, 'media_metadata': {'tihq8l6do3x81': {'e': 'Image', 'id': 'tihq8l6do3x81', 'm': 'image/jpg', 'p': [{'u': 'https://preview.redd.it/tihq8l6do3x81.jpg?width=108&amp;crop=smart&amp;auto=webp&amp;s=6df7d93f68dbf7f0a400299ff0654571ec3e583e', 'x': 108, 'y': 60}, {'u': 'https://preview.redd.it/tihq8l6do3x81.jpg?width=216&amp;crop=smart&amp;auto=webp&amp;s=cd55993dfd6e7a38b6f78e4fa4deb5b0d49b92fb', 'x': 216, 'y': 121}, {'u': 'https://preview.redd.it/tihq8l6do3x81.jpg?width=320&amp;crop=smart&amp;auto=webp&amp;s=3ae360bf8af4374d111eedc484631407af6049bc', 'x': 320, 'y': 180}, {'u': 'https://preview.redd.it/tihq8l6do3x81.jpg?width=640&amp;crop=smart&amp;auto=webp&amp;s=04a6daa387e1831bcc75640544e2dbfed3c83b19', 'x': 640, 'y': 360}, {'u': 'https://preview.redd.it/tihq8l6do3x81.jpg?width=960&amp;crop=smart&amp;auto=webp&amp;s=968ed2db9c497d547373bbd84d53b02f6647aace', 'x': 960, 'y': 540}, {'u': 'https://preview.redd.it/tihq8l6do3x81.jpg?width=1080&amp;crop=smart&amp;auto=webp&amp;s=966c5b0eb1d77ca33a16e1b78b74d58d6d094696', 'x': 1080, 'y': 607}], 's': {'u': 'https://preview.redd.it/tihq8l6do3x81.jpg?width=1600&amp;format=pjpg&amp;auto=webp&amp;s=be96b395b01ece7bedea0246c16981051938504a', 'x': 1600, 'y': 900}, 'status': 'valid'}}, 'media_only': False, 'mod_note': None, 'mod_reason_by': None, 'mod_reason_title': None, 'mod_reports': [], 'name': 't3_ugvn32', 'no_follow': False, 'num_comments': 1, 'num_crossposts': 1, 'num_reports': None, 'over_18': False, 'parent_whitelist_status': 'all_ads', 'permalink': '/r/terraluna/comments/ugvn32/terra_luna_weekly_update_17_april_2022_by/', 'pinned': False, 'post_hint': 'self', 'preview': {'enabled': False, 'images': [{'id': 'DOD4iGWzy4ICfkPoAnzzIKD-bIvCWDSITQgXUOmo8H8', 'resolutions': [{'height': 56, 'url': 'https://external-preview.redd.it/5Cxp4jQLrmorGBX6zkMqqu23Ybtj_dzSuTIKwjGTTM4.jpg?width=108&amp;crop=smart&amp;auto=webp&amp;s=177fe3a381a0d684bcfdbb50a6f3ef631f6aaea6', 'width': 108}], 'source': {'height': 73, 'url': 'https://external-preview.redd.it/5Cxp4jQLrmorGBX6zkMqqu23Ybtj_dzSuTIKwjGTTM4.jpg?auto=webp&amp;s=1ab14ffddd3f6929e4e6fb4d50c325f54494d92e', 'width': 140}, 'variants': {}}]}, 'pwls': 6, 'quarantine': False, 'removal_reason': None, 'removed_by': None, 'removed_by_category': None, 'report_reasons': None, 'saved': False, 'score': 2, 'secure_media': None, 'secure_media_embed': {}, 'selftext': ""üì¢ Fresh news! Check Terra (LUNA) weekly update.  \nHere's what happened in the Terra Ecosystem üåé last week üëá\n\nhttps://preview.redd.it/tihq8l6do3x81.jpg?width=1600&amp;format=pjpg&amp;auto=webp&amp;s=be96b395b01ece7bedea0246c16981051938504a\n\n1 üî∏ Outlier Ventures [announced](https://twitter.com/OVioHQ/status/1518561334148878338?s=20&amp;t=swJSH8-D0aQgA2jLMypXcg) partnership with Terraform Labs to launch the Terra Base Camp Accelerator programme.\n\n2 üî∏ Lido on Terra informed that a proposal to list bSOL as collateral to Anchor Protocol has been [submitted](https://twitter.com/LidoOnTerra/status/1518542514600521734?s=20&amp;t=swJSH8-D0aQgA2jLMypXcg)\n\n3 üî∏ The first Play-to-Earn AR game Expedition [will launch](https://twitter.com/ExpeditionAR/status/1518474567135600641?s=20&amp;t=swJSH8-D0aQgA2jLMypXcg) on Terra to harness the power of LUNA and UST.\n\n4 üî∏ Limit Orders are [live](https://twitter.com/prism_protocol/status/1518545101798219786?s=20&amp;t=swJSH8-D0aQgA2jLMypXcg) on Prism Swap\n\n5 üî∏ Fireblocks now [supports](https://twitter.com/FireblocksHQ/status/1518966343172857856?s=20&amp;t=6rBsYscgRhF_OXOgSfB_3g) DeFi on Terra. Fireblocks also [sees](https://twitter.com/CoinDesk/status/1518938484253331456?s=20&amp;t=swJSH8-D0aQgA2jLMypXcg) $500M stampede into Terra DeFi in the first week.\n\n6 üî∏ Kado [released](https://twitter.com/kado_money/status/1519014269320323085?s=20&amp;t=swJSH8-D0aQgA2jLMypXcg) merchant mode for UST.\n\n7 üî∏ Vertex Protocol [announced](https://twitter.com/vertex_protocol/status/1518968668239007744?s=20&amp;t=swJSH8-D0aQgA2jLMypXcg) $8.5M Seed led by Hack VC and Dexterity Capital.\n\n8 üî∏ $50B+ of total assets [have passed](https://twitter.com/avalancheavax/status/1519393039193722881?s=20&amp;t=swJSH8-D0aQgA2jLMypXcg) through Avalanche Bridge in the nine months since launch.\n\n9 üî∏ AntiMatter [will be adding](https://twitter.com/antimatterdefi/status/1519328647106252801?s=20&amp;t=swJSH8-D0aQgA2jLMypXcg) native LUNA DOVs to their vault line-up.\n\n10 üî∏ Leap Wallet [announced](https://twitter.com/leap__terra/status/1519383238032035840?s=20&amp;t=swJSH8-D0aQgA2jLMypXcg) a partnership with Flexa.\n\n11 üî∏ Nansen [has added](https://twitter.com/nansen_ai/status/1519347930490056704?s=20&amp;t=swJSH8-D0aQgA2jLMypXcg) additional support for Terra: Token God Mode, Wallet Profiler and Hot Contracts dashboards are live.\n\n12 üî∏ Proposal to initiate the NEB Liquidity Bootstrapping Pool has successfully [passed](https://twitter.com/nebula_protocol/status/1519260962603548672?s=20&amp;t=swJSH8-D0aQgA2jLMypXcg). LBP is [live](https://twitter.com/nebula_protocol/status/1519285672250871815?s=20&amp;t=5ssXkHmMSUiGjK_qylHakA).\n\n13 üî∏ The Apollo xAstro Lockdrop Announcement will be [launched](https://twitter.com/ApolloDAO/status/1519332113006350336?s=20&amp;t=swJSH8-D0aQgA2jLMypXcg) on 2nd of May.\n\n14 üî∏ Reactor Money LBP is [live](https://twitter.com/reactor_money/status/1519677529379942401?s=20&amp;t=swJSH8-D0aQgA2jLMypXcg).\n\n15 üî∏ Bitkub has been [listed](https://twitter.com/BitkubOfficial/status/1519595931364380672?s=20&amp;t=swJSH8-D0aQgA2jLMypXcg) LUNA.\n\n16 üî∏ Retrograde is [bringing](https://twitter.com/retrogrademoney/status/1519761696352616448?s=20&amp;t=swJSH8-D0aQgA2jLMypXcg) the first FRAX to Terra.\n\n17 üî∏ Apeture Finance [hit ](https://twitter.com/ApertureFinance/status/1520093287859712000?s=20&amp;t=swJSH8-D0aQgA2jLMypXcg)$100m in TVL on their Anchor and Mirror Protocols DNS three weeks after launch.\n\n&amp;#x200B;\n\nLike ‚ù§Ô∏è&amp; retweet üîÉ: https://twitter.com/helen\\_everstake/status/1521188259111620609?s=20&amp;t=w6hpGsOk2ll6grPmbofMOA"", 'selftext_html': '&lt;!-- SC_OFF --&gt;&lt;div class=""md""&gt;&lt;p&gt;üì¢ Fresh news! Check Terra (LUNA) weekly update.&lt;br/&gt;\nHere&amp;#39;s what happened in the Terra Ecosystem üåé last week üëá&lt;/p&gt;\n\n&lt;p&gt;&lt;a href=""https://preview.redd.it/tihq8l6do3x81.jpg?width=1600&amp;amp;format=pjpg&amp;amp;auto=webp&amp;amp;s=be96b395b01ece7bedea0246c16981051938504a""&gt;https://preview.redd.it/tihq8l6do3x81.jpg?width=1600&amp;amp;format=pjpg&amp;amp;auto=webp&amp;amp;s=be96b395b01ece7bedea0246c16981051938504a&lt;/a&gt;&lt;/p&gt;\n\n&lt;p&gt;1 üî∏ Outlier Ventures &lt;a href=""https://twitter.com/OVioHQ/status/1518561334148878338?s=20&amp;amp;t=swJSH8-D0aQgA2jLMypXcg""&gt;announced&lt;/a&gt; partnership with Terraform Labs to launch the Terra Base Camp Accelerator programme.&lt;/p&gt;\n\n&lt;p&gt;2 üî∏ Lido on Terra informed that a proposal to list bSOL as collateral to Anchor Protocol has been &lt;a href=""https://twitter.com/LidoOnTerra/status/1518542514600521734?s=20&amp;amp;t=swJSH8-D0aQgA2jLMypXcg""&gt;submitted&lt;/a&gt;&lt;/p&gt;\n\n&lt;p&gt;3 üî∏ The first Play-to-Earn AR game Expedition &lt;a href=""https://twitter.com/ExpeditionAR/status/1518474567135600641?s=20&amp;amp;t=swJSH8-D0aQgA2jLMypXcg""&gt;will launch&lt;/a&gt; on Terra to harness the power of LUNA and UST.&lt;/p&gt;\n\n&lt;p&gt;4 üî∏ Limit Orders are &lt;a href=""https://twitter.com/prism_protocol/status/1518545101798219786?s=20&amp;amp;t=swJSH8-D0aQgA2jLMypXcg""&gt;live&lt;/a&gt; on Prism Swap&lt;/p&gt;\n\n&lt;p&gt;5 üî∏ Fireblocks now &lt;a href=""https://twitter.com/FireblocksHQ/status/1518966343172857856?s=20&amp;amp;t=6rBsYscgRhF_OXOgSfB_3g""&gt;supports&lt;/a&gt; DeFi on Terra. Fireblocks also &lt;a href=""https://twitter.com/CoinDesk/status/1518938484253331456?s=20&amp;amp;t=swJSH8-D0aQgA2jLMypXcg""&gt;sees&lt;/a&gt; $500M stampede into Terra DeFi in the first week.&lt;/p&gt;\n\n&lt;p&gt;6 üî∏ Kado &lt;a href=""https://twitter.com/kado_money/status/1519014269320323085?s=20&amp;amp;t=swJSH8-D0aQgA2jLMypXcg""&gt;released&lt;/a&gt; merchant mode for UST.&lt;/p&gt;\n\n&lt;p&gt;7 üî∏ Vertex Protocol &lt;a href=""https://twitter.com/vertex_protocol/status/1518968668239007744?s=20&amp;amp;t=swJSH8-D0aQgA2jLMypXcg""&gt;announced&lt;/a&gt; $8.5M Seed led by Hack VC and Dexterity Capital.&lt;/p&gt;\n\n&lt;p&gt;8 üî∏ $50B+ of total assets &lt;a href=""https://twitter.com/avalancheavax/status/1519393039193722881?s=20&amp;amp;t=swJSH8-D0aQgA2jLMypXcg""&gt;have passed&lt;/a&gt; through Avalanche Bridge in the nine months since launch.&lt;/p&gt;\n\n&lt;p&gt;9 üî∏ AntiMatter &lt;a href=""https://twitter.com/antimatterdefi/status/1519328647106252801?s=20&amp;amp;t=swJSH8-D0aQgA2jLMypXcg""&gt;will be adding&lt;/a&gt; native LUNA DOVs to their vault line-up.&lt;/p&gt;\n\n&lt;p&gt;10 üî∏ Leap Wallet &lt;a href=""https://twitter.com/leap__terra/status/1519383238032035840?s=20&amp;amp;t=swJSH8-D0aQgA2jLMypXcg""&gt;announced&lt;/a&gt; a partnership with Flexa.&lt;/p&gt;\n\n&lt;p&gt;11 üî∏ Nansen &lt;a href=""https://twitter.com/nansen_ai/status/1519347930490056704?s=20&amp;amp;t=swJSH8-D0aQgA2jLMypXcg""&gt;has added&lt;/a&gt; additional support for Terra: Token God Mode, Wallet Profiler and Hot Contracts dashboards are live.&lt;/p&gt;\n\n&lt;p&gt;12 üî∏ Proposal to initiate the NEB Liquidity Bootstrapping Pool has successfully &lt;a href=""https://twitter.com/nebula_protocol/status/1519260962603548672?s=20&amp;amp;t=swJSH8-D0aQgA2jLMypXcg""&gt;passed&lt;/a&gt;. LBP is &lt;a href=""https://twitter.com/nebula_protocol/status/1519285672250871815?s=20&amp;amp;t=5ssXkHmMSUiGjK_qylHakA""&gt;live&lt;/a&gt;.&lt;/p&gt;\n\n&lt;p&gt;13 üî∏ The Apollo xAstro Lockdrop Announcement will be &lt;a href=""https://twitter.com/ApolloDAO/status/1519332113006350336?s=20&amp;amp;t=swJSH8-D0aQgA2jLMypXcg""&gt;launched&lt;/a&gt; on 2nd of May.&lt;/p&gt;\n\n&lt;p&gt;14 üî∏ Reactor Money LBP is &lt;a href=""https://twitter.com/reactor_money/status/1519677529379942401?s=20&amp;amp;t=swJSH8-D0aQgA2jLMypXcg""&gt;live&lt;/a&gt;.&lt;/p&gt;\n\n&lt;p&gt;15 üî∏ Bitkub has been &lt;a href=""https://twitter.com/BitkubOfficial/status/1519595931364380672?s=20&amp;amp;t=swJSH8-D0aQgA2jLMypXcg""&gt;listed&lt;/a&gt; LUNA.&lt;/p&gt;\n\n&lt;p&gt;16 üî∏ Retrograde is &lt;a href=""https://twitter.com/retrogrademoney/status/1519761696352616448?s=20&amp;amp;t=swJSH8-D0aQgA2jLMypXcg""&gt;bringing&lt;/a&gt; the first FRAX to Terra.&lt;/p&gt;\n\n&lt;p&gt;17 üî∏ Apeture Finance &lt;a href=""https://twitter.com/ApertureFinance/status/1520093287859712000?s=20&amp;amp;t=swJSH8-D0aQgA2jLMypXcg""&gt;hit &lt;/a&gt;$100m in TVL on their Anchor and Mirror Protocols DNS three weeks after launch.&lt;/p&gt;\n\n&lt;p&gt;&amp;#x200B;&lt;/p&gt;\n\n&lt;p&gt;Like ‚ù§Ô∏è&amp;amp; retweet üîÉ: &lt;a href=""https://twitter.com/helen%5C_everstake/status/1521188259111620609?s=20&amp;amp;t=w6hpGsOk2ll6grPmbofMOA""&gt;https://twitter.com/helen\\_everstake/status/1521188259111620609?s=20&amp;amp;t=w6hpGsOk2ll6grPmbofMOA&lt;/a&gt;&lt;/p&gt;\n&lt;/div&gt;&lt;!-- SC_ON --&gt;', 'send_replies': True, 'spoiler': False, 'stickied': False, 'subreddit': 'terraluna', 'subreddit_id': 't5_2y4t5', 'subreddit_name_prefixed': 'r/terraluna', 'subreddit_subscribers': 39588, 'subreddit_type': 'public', 'suggested_sort': None, 'thumbnail': 'https://b.thumbs.redditmedia.com/PfLq_3OP3HILNrQJ4QKa-oOH86VuXCbfzZvD9Lsg7Ic.jpg', 'thumbnail_height': 78, 'thumbnail_width': 140, 'title': 'Terra (LUNA) Weekly Update #17 [April 2022] by Everstake', 'top_awarded_type': None, 'total_awards_received': 0, 'treatment_tags': [], 'ups': 2, 'upvote_ratio': 1.0, 'url': 'https://www.reddit.com/r/terraluna/comments/ugvn32/terra_luna_weekly_update_17_april_2022_by/', 'user_reports': [], 'view_count': None, 'visited': False, 'whitelist_status': 'all_ads', 'wls': 6}]"
